A,R,N,D,C,Q,E,G,H,I,L,K,M,F,P,S,T,W,Y,V
11.904761904761905,4.761904761904762,4.761904761904762,2.380952380952381,0.0,8.333333333333334,15.476190476190476,9.523809523809524,1.1904761904761905,4.761904761904762,13.095238095238095,3.5714285714285716,0.0,1.1904761904761905,0.0,7.142857142857143,3.5714285714285716,5.9523809523809526,2.380952380952381,0.0
11.235955056179776,4.49438202247191,4.49438202247191,2.247191011235955,0.0,7.865168539325842,14.606741573033707,13.48314606741573,1.1235955056179776,4.49438202247191,12.359550561797754,3.3707865168539324,0.0,1.1235955056179776,0.0,7.865168539325842,3.3707865168539324,5.617977528089888,2.247191011235955,0.0
10.638297872340425,4.25531914893617,4.25531914893617,2.127659574468085,0.0,7.446808510638298,13.829787234042554,15.957446808510639,1.0638297872340425,4.25531914893617,11.702127659574469,3.1914893617021276,0.0,1.0638297872340425,0.0,9.574468085106384,3.1914893617021276,5.319148936170213,2.127659574468085,0.0
10.1010101010101,4.040404040404041,4.040404040404041,2.0202020202020203,0.0,7.070707070707071,13.131313131313131,20.2020202020202,1.0101010101010102,4.040404040404041,11.11111111111111,3.0303030303030303,0.0,1.0101010101010102,0.0,9.090909090909092,3.0303030303030303,5.05050505050505,2.0202020202020203,0.0
9.615384615384615,3.8461538461538463,3.8461538461538463,1.9230769230769231,0.0,6.730769230769231,12.5,23.076923076923077,0.9615384615384616,3.8461538461538463,10.576923076923077,2.8846153846153846,0.0,0.9615384615384616,0.0,9.615384615384615,2.8846153846153846,4.8076923076923075,1.9230769230769231,0.0
8.771929824561404,3.508771929824561,3.508771929824561,1.7543859649122806,0.8771929824561403,6.140350877192983,11.403508771929825,25.43859649122807,0.8771929824561403,3.508771929824561,9.649122807017545,2.6315789473684212,0.0,0.8771929824561403,0.0,12.280701754385966,2.6315789473684212,4.385964912280702,1.7543859649122806,0.0
9.174311926605505,3.669724770642202,3.669724770642202,1.834862385321101,0.0,6.422018348623853,11.926605504587156,25.68807339449541,0.9174311926605505,3.669724770642202,10.091743119266056,2.7522935779816513,0.0,0.9174311926605505,0.0,10.091743119266056,2.7522935779816513,4.587155963302752,1.834862385321101,0.0
5.426356589147287,3.488372093023256,4.263565891472868,4.263565891472868,1.550387596899225,7.364341085271318,6.2015503875969,15.891472868217054,0.7751937984496124,4.651162790697675,10.077519379844961,7.751937984496124,0.0,2.3255813953488373,2.3255813953488373,10.077519379844961,6.2015503875969,1.937984496124031,0.7751937984496124,4.651162790697675
2.272727272727273,2.272727272727273,5.681818181818182,4.545454545454546,1.5151515151515151,7.575757575757576,6.4393939393939394,15.530303030303031,1.1363636363636365,4.924242424242424,10.227272727272727,7.575757575757576,0.3787878787878788,2.6515151515151514,2.272727272727273,11.363636363636363,5.681818181818182,2.6515151515151514,0.7575757575757576,4.545454545454546
17.857142857142858,0.0,3.5714285714285716,0.0,0.0,0.0,17.857142857142858,0.0,0.0,3.5714285714285716,10.714285714285714,17.857142857142858,1.7857142857142858,7.142857142857143,7.142857142857143,3.5714285714285716,0.0,5.357142857142857,0.0,3.5714285714285716
25.0,0.0,2.7777777777777777,0.0,0.0,0.0,22.22222222222222,0.0,0.0,0.0,13.88888888888889,22.22222222222222,0.0,2.7777777777777777,0.0,2.7777777777777777,0.0,8.333333333333334,0.0,0.0
