pos_1,pos_2,pos_3,pos_4,pos_5,pos_6,pos_7,pos_8,pos_9,pos_10,pos_11,pos_12,pos_13,pos_14,pos_15,pos_16,pos_17,pos_18,pos_19,pos_20,pos_21,pos_22,pos_23,pos_24,pos_25,pos_26,pos_27,pos_28,pos_29,pos_30,pos_31,pos_32,pos_33,pos_34,pos_35,pos_36,pos_37,option
0.0,0.0,0.0,0.0,0.0,0.0,0.0,0.0,0.0,0.0,0.0,0.0,0.0,10.714285714285714,0.0,0.0,0.0,0.0,0.0,0.0,0.0,0.0,10.714285714285714,0.0,0.0,0.0,0.0,0.0,0.0,0.0,0.0,0.0,0.0,0.0,0.0,0.0,0.0,A
0.0,0.0,0.0,0.0,0.0,0.0,57.142857142857146,0.0,0.0,10.714285714285714,0.0,0.0,0.0,3.5714285714285716,0.0,0.0,0.0,3.5714285714285716,3.5714285714285716,0.0,0.0,0.0,0.0,0.0,0.0,0.0,0.0,0.0,3.5714285714285716,0.0,0.0,3.5714285714285716,0.0,0.0,0.0,0.0,0.0,R
0.0,0.0,0.0,0.0,0.0,0.0,0.0,0.0,0.0,42.857142857142854,46.42857142857143,0.0,0.0,0.0,10.714285714285714,0.0,0.0,0.0,0.0,0.0,0.0,0.0,0.0,0.0,60.714285714285715,0.0,0.0,0.0,0.0,67.85714285714286,0.0,0.0,0.0,0.0,17.857142857142858,0.0,0.0,N
0.0,0.0,0.0,0.0,0.0,85.71428571428571,0.0,0.0,0.0,0.0,0.0,0.0,3.5714285714285716,0.0,0.0,0.0,0.0,0.0,0.0,0.0,0.0,0.0,0.0,0.0,0.0,0.0,0.0,3.5714285714285716,14.285714285714286,0.0,0.0,0.0,3.5714285714285716,0.0,0.0,0.0,0.0,D
0.0,0.0,0.0,0.0,0.0,0.0,0.0,0.0,0.0,0.0,0.0,0.0,0.0,0.0,0.0,0.0,0.0,0.0,0.0,0.0,0.0,0.0,0.0,0.0,0.0,0.0,0.0,0.0,0.0,0.0,0.0,0.0,0.0,0.0,0.0,0.0,0.0,C
0.0,0.0,10.714285714285714,3.5714285714285716,0.0,0.0,3.5714285714285716,10.714285714285714,0.0,0.0,0.0,0.0,0.0,0.0,21.428571428571427,0.0,0.0,3.5714285714285716,0.0,0.0,0.0,7.142857142857143,0.0,82.14285714285714,0.0,82.14285714285714,92.85714285714286,0.0,0.0,0.0,0.0,42.857142857142854,0.0,0.0,10.714285714285714,0.0,0.0,Q
0.0,0.0,42.857142857142854,92.85714285714286,0.0,14.285714285714286,0.0,46.42857142857143,0.0,46.42857142857143,42.857142857142854,0.0,7.142857142857143,0.0,0.0,0.0,39.285714285714285,42.857142857142854,0.0,0.0,60.714285714285715,53.57142857142857,0.0,10.714285714285714,21.428571428571427,0.0,0.0,60.714285714285715,0.0,0.0,57.142857142857146,3.5714285714285716,57.142857142857146,0.0,0.0,39.285714285714285,0.0,E
0.0,0.0,0.0,0.0,0.0,0.0,0.0,0.0,0.0,0.0,0.0,0.0,0.0,0.0,0.0,0.0,0.0,0.0,0.0,0.0,0.0,0.0,0.0,0.0,0.0,0.0,0.0,0.0,0.0,0.0,0.0,0.0,0.0,0.0,0.0,0.0,0.0,G
0.0,0.0,0.0,0.0,0.0,0.0,0.0,0.0,0.0,0.0,0.0,0.0,0.0,0.0,0.0,0.0,42.857142857142854,0.0,0.0,0.0,0.0,0.0,0.0,0.0,0.0,0.0,0.0,0.0,0.0,0.0,0.0,0.0,0.0,0.0,0.0,0.0,0.0,H
0.0,0.0,0.0,0.0,0.0,0.0,0.0,0.0,89.28571428571429,0.0,0.0,0.0,0.0,0.0,0.0,100.0,0.0,0.0,3.5714285714285716,85.71428571428571,0.0,0.0,0.0,0.0,10.714285714285714,10.714285714285714,0.0,7.142857142857143,0.0,10.714285714285714,0.0,0.0,7.142857142857143,0.0,0.0,0.0,0.0,I
0.0,0.0,3.5714285714285716,0.0,0.0,0.0,0.0,0.0,0.0,0.0,0.0,10.714285714285714,0.0,0.0,25.0,0.0,0.0,0.0,89.28571428571429,14.285714285714286,0.0,0.0,7.142857142857143,0.0,0.0,0.0,0.0,7.142857142857143,0.0,10.714285714285714,0.0,0.0,0.0,67.85714285714286,28.571428571428573,0.0,35.714285714285715,L
0.0,0.0,0.0,0.0,0.0,0.0,39.285714285714285,42.857142857142854,0.0,0.0,0.0,0.0,0.0,46.42857142857143,42.857142857142854,0.0,3.5714285714285716,10.714285714285714,0.0,0.0,39.285714285714285,39.285714285714285,0.0,0.0,0.0,0.0,0.0,10.714285714285714,71.42857142857143,0.0,0.0,7.142857142857143,0.0,0.0,10.714285714285714,3.5714285714285716,0.0,K
0.0,0.0,25.0,0.0,3.5714285714285716,0.0,0.0,0.0,0.0,0.0,0.0,0.0,0.0,0.0,0.0,0.0,0.0,0.0,0.0,0.0,0.0,0.0,0.0,0.0,0.0,0.0,0.0,0.0,0.0,0.0,10.714285714285714,0.0,0.0,0.0,0.0,0.0,0.0,M
0.0,0.0,0.0,0.0,0.0,0.0,0.0,0.0,0.0,0.0,3.5714285714285716,0.0,0.0,0.0,0.0,0.0,0.0,0.0,0.0,0.0,0.0,0.0,0.0,0.0,0.0,0.0,0.0,0.0,0.0,0.0,0.0,0.0,0.0,0.0,0.0,0.0,0.0,F
0.0,0.0,0.0,0.0,0.0,0.0,0.0,0.0,0.0,0.0,0.0,0.0,0.0,0.0,0.0,0.0,0.0,0.0,0.0,0.0,0.0,0.0,0.0,0.0,0.0,0.0,0.0,0.0,0.0,0.0,0.0,0.0,0.0,0.0,0.0,0.0,0.0,P
3.5714285714285716,0.0,0.0,0.0,0.0,0.0,0.0,0.0,0.0,0.0,0.0,0.0,0.0,39.285714285714285,0.0,0.0,7.142857142857143,39.285714285714285,3.5714285714285716,0.0,0.0,0.0,82.14285714285714,0.0,0.0,0.0,0.0,0.0,0.0,0.0,0.0,0.0,0.0,0.0,0.0,0.0,0.0,S
0.0,0.0,17.857142857142858,3.5714285714285716,0.0,0.0,0.0,0.0,0.0,0.0,0.0,0.0,89.28571428571429,0.0,0.0,0.0,3.5714285714285716,0.0,0.0,0.0,0.0,0.0,0.0,0.0,0.0,0.0,0.0,0.0,0.0,0.0,0.0,0.0,0.0,0.0,0.0,0.0,0.0,T
0.0,100.0,0.0,0.0,96.42857142857143,0.0,0.0,0.0,0.0,0.0,0.0,0.0,0.0,0.0,0.0,0.0,0.0,0.0,0.0,0.0,0.0,0.0,0.0,0.0,0.0,0.0,0.0,0.0,0.0,0.0,0.0,0.0,0.0,0.0,0.0,0.0,0.0,W
0.0,0.0,0.0,0.0,0.0,0.0,0.0,0.0,0.0,0.0,7.142857142857143,89.28571428571429,0.0,0.0,0.0,0.0,3.5714285714285716,0.0,0.0,0.0,0.0,0.0,0.0,0.0,0.0,0.0,0.0,0.0,0.0,0.0,0.0,10.714285714285714,0.0,0.0,0.0,0.0,0.0,Y
0.0,0.0,0.0,0.0,0.0,0.0,0.0,0.0,10.714285714285714,0.0,0.0,0.0,0.0,0.0,0.0,0.0,0.0,0.0,0.0,0.0,0.0,0.0,0.0,0.0,0.0,0.0,0.0,0.0,0.0,0.0,0.0,0.0,0.0,0.0,0.0,0.0,0.0,V
96.42857142857143,0.0,0.0,0.0,0.0,0.0,0.0,0.0,0.0,0.0,0.0,0.0,0.0,0.0,0.0,0.0,0.0,0.0,0.0,0.0,0.0,0.0,0.0,7.142857142857143,7.142857142857143,7.142857142857143,7.142857142857143,10.714285714285714,10.714285714285714,10.714285714285714,32.142857142857146,32.142857142857146,32.142857142857146,32.142857142857146,32.142857142857146,57.142857142857146,64.28571428571429,-
