pos_1,pos_2,pos_3,pos_4,pos_5,pos_6,pos_7,pos_8,pos_9,pos_10,pos_11,pos_12,pos_13,pos_14,pos_15,pos_16,pos_17,pos_18,pos_19,pos_20,pos_21,pos_22,pos_23,pos_24,pos_25,pos_26,pos_27,pos_28,pos_29,pos_30,pos_31,pos_32,pos_33,pos_34,pos_35,pos_36,pos_37,pos_38,pos_39,option
0.0,3.4482758620689653,3.4482758620689653,0.0,0.0,6.896551724137931,0.0,0.0,0.0,6.896551724137931,0.0,6.896551724137931,0.0,0.0,6.896551724137931,27.586206896551722,0.0,0.0,0.0,6.896551724137931,0.0,0.0,0.0,10.344827586206897,17.24137931034483,0.0,0.0,0.0,0.0,0.0,0.0,0.0,0.0,10.344827586206897,10.344827586206897,0.0,0.0,0.0,0.0,A
0.0,0.0,0.0,0.0,0.0,0.0,0.0,3.4482758620689653,27.586206896551722,0.0,0.0,20.689655172413794,3.4482758620689653,0.0,0.0,3.4482758620689653,6.896551724137931,0.0,0.0,3.4482758620689653,6.896551724137931,0.0,10.344827586206897,0.0,0.0,0.0,0.0,0.0,0.0,0.0,3.4482758620689653,0.0,0.0,3.4482758620689653,0.0,0.0,6.896551724137931,0.0,0.0,R
0.0,0.0,0.0,0.0,0.0,0.0,0.0,0.0,0.0,0.0,0.0,10.344827586206897,13.793103448275861,0.0,0.0,0.0,20.689655172413794,0.0,0.0,0.0,0.0,0.0,0.0,0.0,0.0,0.0,24.137931034482758,0.0,0.0,0.0,0.0,41.37931034482759,0.0,0.0,0.0,0.0,0.0,0.0,0.0,N
0.0,0.0,0.0,0.0,0.0,3.4482758620689653,0.0,48.275862068965516,3.4482758620689653,0.0,0.0,0.0,0.0,0.0,6.896551724137931,0.0,0.0,0.0,0.0,0.0,0.0,0.0,0.0,0.0,0.0,0.0,0.0,0.0,0.0,3.4482758620689653,10.344827586206897,0.0,0.0,0.0,3.4482758620689653,0.0,0.0,0.0,0.0,D
0.0,0.0,0.0,0.0,3.4482758620689653,0.0,0.0,0.0,0.0,0.0,0.0,0.0,0.0,0.0,0.0,0.0,0.0,0.0,0.0,0.0,0.0,0.0,0.0,0.0,0.0,0.0,0.0,0.0,0.0,0.0,0.0,0.0,0.0,0.0,0.0,0.0,0.0,0.0,0.0,C
0.0,0.0,0.0,0.0,24.137931034482758,6.896551724137931,0.0,0.0,10.344827586206897,20.689655172413794,0.0,0.0,0.0,0.0,0.0,0.0,3.4482758620689653,0.0,0.0,6.896551724137931,0.0,0.0,0.0,6.896551724137931,0.0,48.275862068965516,0.0,51.724137931034484,55.172413793103445,0.0,0.0,0.0,0.0,10.344827586206897,0.0,0.0,10.344827586206897,0.0,0.0,Q
24.137931034482758,0.0,0.0,0.0,62.06896551724138,79.3103448275862,0.0,48.275862068965516,0.0,17.24137931034483,0.0,62.06896551724138,62.06896551724138,0.0,24.137931034482758,0.0,0.0,0.0,65.51724137931035,58.62068965517241,0.0,0.0,24.137931034482758,17.24137931034483,0.0,6.896551724137931,20.689655172413794,0.0,0.0,31.03448275862069,0.0,0.0,24.137931034482758,0.0,20.689655172413794,0.0,0.0,13.793103448275861,0.0,E
0.0,0.0,0.0,0.0,0.0,0.0,0.0,0.0,0.0,0.0,0.0,0.0,0.0,0.0,0.0,0.0,0.0,0.0,0.0,0.0,0.0,0.0,0.0,0.0,0.0,0.0,0.0,0.0,0.0,0.0,0.0,0.0,0.0,0.0,0.0,0.0,0.0,0.0,0.0,G
0.0,0.0,0.0,0.0,0.0,0.0,0.0,0.0,0.0,0.0,0.0,0.0,0.0,0.0,0.0,0.0,0.0,0.0,10.344827586206897,0.0,0.0,0.0,0.0,0.0,0.0,0.0,0.0,0.0,0.0,0.0,0.0,0.0,0.0,0.0,0.0,0.0,0.0,0.0,0.0,H
0.0,0.0,0.0,0.0,0.0,0.0,0.0,0.0,0.0,0.0,68.96551724137932,0.0,0.0,0.0,3.4482758620689653,0.0,0.0,100.0,0.0,0.0,17.24137931034483,48.275862068965516,0.0,0.0,0.0,0.0,10.344827586206897,0.0,0.0,10.344827586206897,0.0,0.0,0.0,0.0,0.0,0.0,0.0,0.0,0.0,I
0.0,6.896551724137931,0.0,0.0,0.0,0.0,0.0,0.0,0.0,0.0,0.0,0.0,0.0,31.03448275862069,0.0,0.0,10.344827586206897,0.0,0.0,0.0,68.96551724137932,51.724137931034484,0.0,0.0,3.4482758620689653,0.0,0.0,0.0,0.0,0.0,0.0,10.344827586206897,0.0,0.0,0.0,34.48275862068966,13.793103448275861,0.0,10.344827586206897,L
0.0,0.0,0.0,0.0,0.0,0.0,0.0,0.0,58.62068965517241,55.172413793103445,0.0,0.0,0.0,0.0,0.0,58.62068965517241,58.62068965517241,0.0,0.0,13.793103448275861,0.0,0.0,51.724137931034484,31.03448275862069,0.0,0.0,0.0,0.0,0.0,6.896551724137931,37.93103448275862,0.0,0.0,0.0,0.0,0.0,3.4482758620689653,0.0,0.0,K
0.0,79.3103448275862,3.4482758620689653,0.0,10.344827586206897,0.0,0.0,0.0,0.0,0.0,0.0,0.0,0.0,0.0,0.0,0.0,0.0,0.0,0.0,0.0,0.0,0.0,0.0,0.0,0.0,0.0,0.0,0.0,0.0,0.0,0.0,0.0,10.344827586206897,0.0,0.0,0.0,0.0,0.0,0.0,M
0.0,0.0,0.0,0.0,0.0,0.0,0.0,0.0,0.0,0.0,0.0,0.0,6.896551724137931,0.0,0.0,0.0,0.0,0.0,0.0,0.0,0.0,0.0,0.0,0.0,0.0,0.0,0.0,0.0,0.0,0.0,0.0,0.0,0.0,0.0,0.0,0.0,0.0,0.0,0.0,F
0.0,0.0,0.0,0.0,0.0,0.0,0.0,0.0,0.0,0.0,0.0,0.0,0.0,0.0,0.0,0.0,0.0,0.0,0.0,0.0,0.0,0.0,0.0,0.0,0.0,0.0,0.0,0.0,0.0,0.0,0.0,0.0,0.0,0.0,0.0,0.0,0.0,0.0,0.0,P
0.0,0.0,0.0,0.0,0.0,0.0,0.0,0.0,0.0,0.0,0.0,0.0,0.0,0.0,0.0,10.344827586206897,0.0,0.0,13.793103448275861,10.344827586206897,6.896551724137931,0.0,0.0,0.0,41.37931034482759,0.0,0.0,0.0,0.0,0.0,0.0,0.0,0.0,0.0,0.0,0.0,0.0,0.0,0.0,S
0.0,10.344827586206897,93.10344827586206,0.0,0.0,3.4482758620689653,0.0,0.0,0.0,0.0,0.0,0.0,0.0,0.0,58.62068965517241,0.0,0.0,0.0,6.896551724137931,0.0,0.0,0.0,0.0,0.0,0.0,0.0,0.0,0.0,0.0,0.0,0.0,0.0,0.0,0.0,0.0,0.0,0.0,0.0,0.0,T
0.0,0.0,0.0,100.0,0.0,0.0,100.0,0.0,0.0,0.0,0.0,0.0,0.0,0.0,0.0,0.0,0.0,0.0,0.0,0.0,0.0,0.0,0.0,0.0,0.0,0.0,0.0,3.4482758620689653,0.0,0.0,0.0,0.0,0.0,0.0,0.0,0.0,0.0,0.0,0.0,W
0.0,0.0,0.0,0.0,0.0,0.0,0.0,0.0,0.0,0.0,0.0,0.0,13.793103448275861,68.96551724137932,0.0,0.0,0.0,0.0,3.4482758620689653,0.0,0.0,0.0,0.0,0.0,0.0,0.0,0.0,0.0,0.0,0.0,0.0,0.0,0.0,10.344827586206897,0.0,0.0,0.0,0.0,0.0,Y
0.0,0.0,0.0,0.0,0.0,0.0,0.0,0.0,0.0,0.0,31.03448275862069,0.0,0.0,0.0,0.0,0.0,0.0,0.0,0.0,0.0,0.0,0.0,0.0,0.0,0.0,0.0,0.0,0.0,0.0,0.0,0.0,0.0,0.0,0.0,0.0,0.0,0.0,0.0,0.0,V
75.86206896551724,0.0,0.0,0.0,0.0,0.0,0.0,0.0,0.0,0.0,0.0,0.0,0.0,0.0,0.0,0.0,0.0,0.0,0.0,0.0,0.0,0.0,13.793103448275861,34.48275862068966,37.93103448275862,44.827586206896555,44.827586206896555,44.827586206896555,44.827586206896555,48.275862068965516,48.275862068965516,48.275862068965516,65.51724137931035,65.51724137931035,65.51724137931035,65.51724137931035,65.51724137931035,86.20689655172414,89.65517241379311,-
