A,R,N,D,C,Q,E,G,H,I,L,K,M,F,P,S,T,W,Y,V,Labels
16.0,-70.0,-74.0,-78.0,168.0,-73.0,-106.0,-13.0,50.0,151.0,145.0,-141.0,124.0,189.0,-20.0,-70.0,-38.0,145.0,53.0,123.0,0
44.0,-68.0,-72.0,-91.0,90.0,-117.0,-139.0,-8.0,47.0,100.0,108.0,-188.0,121.0,148.0,-36.0,-60.0,-54.0,163.0,22.0,117.0,0
7.3,-3.6,-5.7,-2.9,-9.2,-0.3,-7.1,-1.2,-2.1,6.6,20.0,-3.7,5.6,19.2,5.1,-4.1,0.8,16.3,5.9,3.5,0
3.9,3.2,-2.8,-2.8,-14.3,1.8,-7.5,-2.3,2.0,11.0,15.0,-2.5,4.1,14.7,5.6,-3.5,1.1,17.8,3.8,2.1,0
-0.118,0.124,0.289,0.048,0.083,-0.105,-0.245,0.104,0.138,0.23,-0.052000000000000005,0.032,-0.258,0.015,0.0,0.225,0.166,0.158,0.094,0.513,0
-0.45,-0.24,-0.2,-1.52,0.79,-0.99,-0.8,-1.0,1.07,0.76,1.29,-0.36,1.37,1.48,-0.12,-0.98,-0.7,1.38,1.49,1.26,0
-0.08,-0.09,-0.7,-0.71,0.76,-0.4,-1.31,-0.84,0.43,1.39,1.24,-0.09,1.27,1.53,-0.01,-0.93,-0.59,2.25,1.53,1.09,0
0.36,-0.52,-0.9,-1.09,0.7,-1.05,-0.83,-0.82,0.16,2.17,1.18,-0.56,1.21,1.01,-0.06,-0.6,-1.2,1.31,1.05,1.21,0
0.17,-0.7,-0.9,-1.05,1.24,-1.2,-1.19,-0.57,-0.25,2.06,0.96,-0.62,0.6,1.29,-0.21,-0.83,-0.62,1.51,0.66,1.21,0
0.02,-0.42,-0.77,-1.04,0.77,-1.1,-1.14,-0.8,0.26,1.81,1.14,-0.41,1.0,1.35,-0.09,-0.97,-0.77,1.71,1.11,1.13,0
0.25,-1.76,-0.64,-0.72,0.04,-0.69,-0.62,0.16,-0.4,0.73,0.53,-1.1,0.26,0.61,-0.07,-0.26,-0.18,0.37,0.02,0.54,0
0.67,-2.1,-0.6,-1.2,0.38,-0.22,-0.76,0.0,0.64,1.9,1.9,-0.57,2.4,2.3,1.2,0.01,0.52,2.6,1.6,1.5,0
0.0,-0.96,-0.86,-0.98,0.76,-1.0,-0.89,0.0,-0.75,0.99,0.89,-0.99,0.94,0.92,0.22,-0.67,0.09,0.67,-0.93,0.84,0
0.31,-1.01,-0.6,-0.77,1.54,-0.22,-0.64,0.0,0.13,1.8,1.7,-0.99,1.23,1.79,0.72,-0.04,0.26,2.25,0.96,1.22,0
0.3,-1.4,-0.5,-0.6,0.9,-0.7,-0.7,0.3,-0.1,0.7,0.5,-1.8,0.4,0.5,-0.3,-0.1,-0.2,0.3,-0.4,0.6,0
0.0,1.0,0.0,-1.0,0.0,0.0,-1.0,0.0,0.0,0.0,0.0,1.0,0.0,0.0,0.0,0.0,0.0,0.0,0.0,0.0,0
1.8,-4.5,-3.5,-3.5,2.5,-3.5,-3.5,-0.4,-3.2,4.5,3.8,-3.9,1.9,2.8,-1.6,-0.8,-0.7,-0.9,-1.3,4.2,0
-0.48,-0.06,-0.87,-0.75,-0.32,-0.32,-0.71,0.0,-0.51,0.81,1.02,-0.09,0.81,1.03,2.03,0.05,-0.35,0.66,1.24,0.56,0
0.5,0.8,0.8,-8.2,-6.8,-4.8,-16.9,0.0,-3.5,13.9,8.8,0.1,4.8,13.2,6.1,1.2,2.7,14.9,6.1,2.7,0
-0.1,-4.5,-1.6,-2.8,-2.2,-2.5,-7.5,-0.5,0.8,11.8,10.0,-3.2,7.1,13.9,8.0,-3.7,1.5,18.1,8.2,3.3,0
1.1,-0.4,-4.2,-1.6,7.1,-2.9,0.7,-0.2,-0.7,8.5,11.0,-1.9,5.4,13.4,4.4,-3.2,-1.7,17.1,7.4,5.9,0
1.0,-2.0,-3.0,-0.5,4.6,-2.0,1.1,0.2,-2.2,7.0,9.6,-3.0,4.0,12.6,3.1,-2.9,-0.6,15.1,6.7,4.6,0
-0.6,-1.18,0.39,-1.36,-0.34,-0.71,-1.16,-0.37,0.08,1.44,1.82,-0.84,2.04,1.38,-0.05,0.25,0.66,1.02,0.53,-0.6,0
-0.57,-1.29,0.02,-1.54,-0.3,-0.71,-1.17,-0.48,0.1,1.31,2.16,-1.02,2.55,1.42,0.11,0.3,0.99,1.35,0.2,-0.79,0
-0.7,-0.91,1.28,-0.93,-0.41,-0.71,-1.13,-0.12,0.04,1.77,1.02,-0.4,0.86,1.29,-0.42,0.14,-0.13,0.26,1.29,-0.19,0
0.34,-0.57,-0.27,-0.56,-0.32,-0.34,-0.43,0.48,-0.19,0.39,0.52,-0.75,0.47,1.3,-0.19,-0.2,-0.04,0.77,0.07,0.36,0
0.23,-0.26,-0.94,-1.13,1.78,-0.57,-0.75,-0.07,0.11,1.19,1.03,-1.05,0.66,0.48,-0.76,-0.67,-0.36,0.9,0.59,1.24,0
-0.22,-0.93,-2.65,-4.12,4.66,-2.76,-3.64,-1.62,1.28,5.58,5.01,-4.18,3.51,5.27,-3.03,-2.84,-1.2,5.2,2.15,4.45,0
0.5,0.0,0.0,0.0,0.0,0.0,0.0,0.0,0.5,1.8,1.8,0.0,1.3,2.5,0.0,0.0,0.4,3.4,2.3,1.5,0
0.18,0.21,-0.03,-0.32,-0.29,-0.27,-0.25,-0.4,0.28,-0.03,0.62,0.41,0.21,0.05,-0.84,-0.05,-0.16,0.32,0.11,0.06,0
-0.08,0.05,-0.08,-0.24,-0.25,-0.28,-0.19,-0.1,0.29,-0.01,0.28,0.45,0.11,0.0,-0.42,0.07,-0.33,0.36,0.0,-0.13,0
-0.14,0.14,-0.27,-0.1,-0.64,-0.11,-0.39,0.46,-0.04,0.16,-0.57,0.04,0.24,0.08,0.02,-0.12,0.0,-0.1,0.18,0.29,0
-0.31,0.25,-0.53,-0.54,-0.06,0.07,-0.52,0.37,-0.32,0.57,0.09,-0.29,0.29,0.24,-0.31,0.11,0.03,0.15,0.29,0.48,0
-0.1,0.19,-0.89,-0.89,0.13,-0.04,-0.34,-0.45,-0.34,0.95,0.32,-0.46,0.43,0.36,-0.91,-0.12,0.49,0.34,0.42,0.76,0
-0.25,-0.02,-0.77,-1.01,0.13,-0.12,-0.62,-0.72,-0.16,1.1,0.23,-0.59,0.32,0.48,-1.24,-0.31,0.17,0.45,0.77,0.69,0
-0.26,-0.09,-0.34,-0.55,0.47,-0.33,-0.75,-0.56,-0.04,0.94,0.25,-0.55,-0.05,0.2,-1.28,-0.28,0.08,0.22,0.53,0.67,0
0.05,-0.11,-0.4,-0.11,0.36,-0.67,-0.35,0.14,0.02,0.47,0.32,-0.51,-0.1,0.2,-0.79,0.03,-0.15,0.09,0.34,0.58,0
-0.05,0.06,0.0,0.15,0.3,-0.08,-0.02,-0.14,-0.07,0.26,0.04,-0.42,0.25,0.09,0.31,-0.11,-0.06,0.19,0.33,0.04,0
-0.19,0.17,-0.38,0.09,0.41,0.04,-0.2,0.28,-0.19,-0.06,0.34,-0.2,0.45,0.07,0.04,-0.23,-0.02,0.16,0.22,0.05,0
-0.43,0.06,0.0,-0.31,0.19,0.14,-0.41,-0.21,0.21,0.29,-0.1,0.33,-0.01,0.25,0.28,-0.23,-0.26,0.15,0.09,-0.1,0
1.81,-14.92,-6.64,-8.72,1.28,-5.54,-6.81,0.94,-4.66,4.92,4.92,-5.55,2.35,2.98,0.0,-3.4,-2.57,2.33,-0.14,4.04,0
0.52,-1.32,-0.01,0.0,0.0,-0.07,-0.79,0.0,0.95,2.04,1.76,0.08,1.32,2.09,0.0,0.04,0.27,2.51,1.63,1.18,0
-0.06,-0.84,-0.48,-0.8,1.36,-0.73,-0.77,-0.41,0.49,1.31,1.21,-1.18,1.27,1.27,0.0,-0.5,-0.27,0.88,0.33,1.09,0
-2.3,0.4,-4.1,-4.4,4.4,1.2,-5.0,-4.2,-2.5,6.7,2.3,-3.3,2.3,2.6,-1.8,-1.7,1.3,-1.0,4.0,6.8,0
-2.7,0.4,-4.2,-4.4,3.7,0.8,-8.1,-3.9,-3.0,7.7,3.7,-2.9,3.7,3.0,-6.6,-2.4,1.7,0.3,3.3,7.1,0
-3.7,1.0,-0.6,-0.6,4.0,3.4,-4.3,5.9,-0.8,-0.5,-2.8,1.3,-1.6,1.6,-6.0,1.5,1.2,6.5,1.3,-4.6,0
-1.0,0.3,-0.7,-1.2,2.1,-0.1,-0.7,0.3,1.1,4.0,2.0,-0.9,1.8,2.8,0.4,-1.2,-0.5,3.0,2.1,1.4,0
-0.11,0.079,-0.136,-0.285,-0.184,-0.067,-0.246,-0.073,0.32,0.001,-0.008,0.049,-0.041,0.438,-0.016,-0.153,-0.208,0.493,0.381,-0.155,0
-0.4,-0.59,-0.92,-1.31,0.17,-0.91,-1.22,-0.67,-0.64,1.25,1.22,-0.67,1.02,1.92,-0.49,-0.55,-0.28,0.5,1.67,0.91,0
0.0,0.0,0.0,0.0,0.0,0.0,0.0,0.0,0.0,1.0,1.0,0.0,0.0,1.0,0.0,0.0,0.0,1.0,1.0,1.0,0
-0.152,-0.08900000000000001,-0.203,-0.355,0.0,-0.181,-0.411,-0.19,0.0,-0.086,-0.102,-0.062,-0.107,0.001,-0.181,-0.203,-0.17,0.275,0.0,-0.125,0
58.0,-184.0,-93.0,-97.0,116.0,-139.0,-131.0,-11.0,-73.0,107.0,95.0,-24.0,78.0,92.0,-79.0,-34.0,-7.0,59.0,-11.0,100.0,0
51.0,-144.0,-84.0,-78.0,137.0,-128.0,-115.0,-13.0,-55.0,106.0,103.0,-205.0,73.0,108.0,-79.0,-26.0,-3.0,69.0,11.0,108.0,0
41.0,-109.0,-74.0,-47.0,169.0,-104.0,-90.0,-18.0,-35.0,104.0,103.0,-148.0,77.0,128.0,-81.0,-31.0,10.0,102.0,36.0,116.0,0
32.0,-95.0,-73.0,-29.0,182.0,-95.0,-74.0,-22.0,-25.0,106.0,104.0,-124.0,82.0,132.0,-82.0,-34.0,20.0,118.0,44.0,113.0,0
24.0,-79.0,-76.0,0.0,194.0,-87.0,-57.0,-28.0,-31.0,102.0,103.0,-9.0,90.0,131.0,-85.0,-36.0,34.0,116.0,43.0,111.0,0
5.0,-57.0,-77.0,45.0,224.0,-67.0,-8.0,-47.0,-50.0,83.0,82.0,-38.0,83.0,117.0,-103.0,-41.0,79.0,130.0,27.0,117.0,0
0.85,0.2,-0.48,-1.1,2.1,-0.42,-0.79,0.0,0.22,3.14,1.99,-1.19,1.42,1.69,-1.14,-0.52,-0.08,1.76,1.37,2.53,0
0.06,-0.85,0.25,-0.2,0.49,0.31,-0.1,0.21,-2.24,3.48,3.5,-1.62,0.21,4.8,0.71,-0.62,0.65,2.29,1.89,1.59,0
2.62,1.26,-1.27,-2.84,0.73,-1.69,-0.45,-1.15,-0.74,4.38,6.57,-2.78,-3.12,9.14,-0.12,-1.39,1.81,5.91,1.39,2.3,0
25.0,-7.0,-7.0,2.0,32.0,0.0,14.0,-2.0,-26.0,91.0,100.0,-26.0,68.0,100.0,25.0,-2.0,7.0,109.0,56.0,62.0,0
1.1,-5.1,-3.5,-3.6,2.5,-3.68,-3.2,-0.64,-3.2,4.5,3.8,-4.11,1.9,2.8,-1.9,-0.5,-0.7,-0.46,-1.3,4.2,0
0.13699999999999998,0.036000000000000004,-0.035,-0.123,0.275,0.033,-0.048,-0.046,0.055,0.417,0.425,-0.01,0.175,0.408,0.002,-0.043,0.059,0.236,0.317,0.408,0
0.073,0.039,-0.039,-0.055,0.35600000000000004,0.013,-0.029,-0.059,0.087,0.381,0.382,-0.005,0.161,0.42,-0.049,-0.028,0.024,0.411,0.311,0.295,0
0.151,-0.01,0.038,0.005,0.322,0.025,-0.064,0.025,0.134,0.424,0.393,-0.016,0.21600000000000005,0.345,0.084,0.004,0.146,0.266,0.3,0.4,0
-0.058,0.0,0.027000000000000003,0.016,0.447,-0.073,-0.128,0.331,0.195,0.06,0.138,-0.112,0.275,0.24,-0.478,-0.177,-0.163,0.564,0.322,-0.052000000000000005,0
0.017,-0.076,-0.079,-0.128,0.5720000000000001,-0.105,-0.179,-0.044,0.16399999999999998,0.276,0.252,-0.213,0.02,0.35600000000000004,-0.419,-0.163,-0.07,0.384,0.25,0.17800000000000002,0
1.12,-2.55,-0.83,-0.83,0.59,-0.78,-0.92,1.2,-0.93,1.16,1.18,-0.8,0.55,0.67,0.54,-0.05,-0.02,-0.19,-0.23,1.13,0
0.39,0.0,-1.91,-0.71,0.25,-1.3,-0.18,0.0,-0.6,1.82,1.82,0.32,0.96,2.27,0.0,-1.24,-1.0,2.13,1.47,1.3,0
0.39,-3.95,-1.91,-3.81,0.25,-1.3,-2.91,0.0,-0.64,1.82,1.82,-2.77,0.96,2.27,0.0,-1.24,-1.0,2.13,1.47,1.3,0
0.42,-1.56,-1.03,-0.51,0.84,-0.96,-0.37,0.0,-2.28,1.81,1.8,-2.03,1.18,1.74,0.86,-0.64,-0.26,1.46,0.51,1.34,0
0.2,-0.7,-0.5,-1.4,1.9,-1.1,-1.3,-0.1,0.4,1.4,0.5,-1.6,0.5,1.0,-1.0,-0.7,-0.4,1.6,0.5,0.7,0
-0.414,-0.584,-0.916,-1.31,0.162,-0.905,-1.218,-0.684,-0.63,1.237,1.215,-0.67,1.02,1.938,-0.503,-0.563,-0.289,0.514,1.699,0.899,0
-0.96,0.75,-1.94,-5.68,4.54,-5.3,-3.86,-1.28,-0.62,5.54,6.81,-5.62,4.76,5.06,-4.47,-1.92,-3.99,0.21,3.34,5.39,0
-0.26,0.08,-0.46,-1.3,0.83,-0.83,-0.73,-0.4,-0.18,1.1,1.52,-1.01,1.09,1.09,-0.62,-0.55,-0.71,-0.13,0.69,1.15,0
-0.73,-1.03,-5.29,-6.13,0.64,-0.96,-2.9,-2.67,3.03,5.04,4.91,-5.99,3.34,5.2,-4.32,-3.0,-1.91,0.51,2.87,3.98,0
-1.35,-3.89,-10.96,-11.88,4.37,-1.34,-4.56,-5.82,6.54,10.93,9.88,-11.92,7.47,11.35,-10.86,-6.21,-4.83,1.8,7.61,8.2,0
-0.56,-0.26,-2.87,-4.31,1.78,-2.31,-2.35,-1.35,0.81,3.83,4.09,-4.08,3.11,3.67,-3.22,-1.85,-1.97,-0.11,2.17,3.31,0
