A,R,N,D,C,Q,E,G,H,I,L,K,M,F,P,S,T,W,Y,V,Label
8.1,10.5,11.6,13.0,5.5,10.5,12.3,9.0,10.4,5.2,4.9,11.3,5.7,5.2,8.0,9.2,8.6,5.4,6.2,5.9,group-1
31.0,124.0,56.0,54.0,55.0,85.0,83.0,3.0,96.0,111.0,111.0,119.0,105.0,132.0,32.5,32.0,61.0,170.0,136.0,84.0,group-1
2.3,1.4,-3.3,-4.4,6.1,2.7,2.5,-8.3,5.9,-0.5,0.1,7.3,3.5,1.6,-24.4,-1.9,-3.7,-0.9,-0.6,2.3,group-1
-0.5,3.0,0.2,3.0,-1.0,0.2,3.0,0.0,-0.5,-1.8,-1.8,3.0,-1.3,-2.5,0.0,0.3,-0.4,-3.4,-2.3,-1.5,group-1
0.17,-0.7,-0.9,-1.05,1.24,-1.2,-1.19,-0.57,-0.25,2.06,0.96,-0.62,0.6,1.29,-0.21,-0.83,-0.62,1.51,0.66,1.21,group-1
0.02,-0.42,-0.77,-1.04,0.77,-1.1,-1.14,-0.8,0.26,1.81,1.14,-0.41,1.0,1.35,-0.09,-0.97,-0.77,1.71,1.11,1.13,group-1
-0.08,-0.09,-0.7,-0.71,0.76,-0.4,-1.31,-0.84,0.43,1.39,1.24,-0.09,1.27,1.53,-0.01,-0.93,-0.59,2.25,1.53,1.09,group-1
7.99,5.86,4.33,5.14,1.81,3.98,6.1,6.91,2.17,5.48,9.16,6.01,2.5,3.83,4.95,6.84,5.77,1.34,3.15,6.65,group-1
5.39,2.81,7.31,3.07,0.86,2.31,2.7,6.52,2.23,9.94,12.64,4.67,3.68,6.34,3.62,7.24,5.44,1.64,5.42,6.18,group-1
9.25,3.96,3.71,3.89,1.07,3.17,4.8,8.51,1.88,6.47,10.94,3.5,3.14,6.36,4.36,6.26,5.66,2.22,3.28,7.55,group-1
1.34,2.78,0.92,1.77,1.44,0.79,2.54,0.95,0.0,0.52,1.05,0.79,0.0,0.43,0.37,0.87,1.14,1.79,0.73,0.0,group-1
1.2,1.25,0.59,0.61,1.11,1.22,1.24,0.42,1.77,0.98,1.13,1.83,1.57,1.1,0.0,0.96,0.75,0.4,0.73,1.25,group-1
1.29,0.44,0.81,2.02,0.66,1.22,2.44,0.76,0.73,0.67,0.58,0.66,0.71,0.61,2.01,0.74,1.08,1.47,0.68,0.61,group-1
52.6,109.1,75.7,68.4,68.3,89.7,84.7,36.3,91.9,102.0,102.0,105.1,97.7,113.9,73.6,54.9,71.2,135.4,116.2,85.1,group-1
0.75,0.9,1.21,0.85,1.11,0.65,0.55,0.74,0.9,1.35,1.27,0.74,0.95,1.5,0.4,0.79,0.75,1.19,1.96,1.79,group-1
0.28,0.1,0.25,0.21,0.28,0.35,0.33,0.17,0.21,0.82,1.0,0.09,0.74,2.18,0.39,0.12,0.21,5.7,1.26,0.6,group-1
-0.5,3.0,0.2,2.5,-1.0,0.2,2.5,0.0,-0.5,-1.8,-1.8,3.0,-1.3,-2.5,-1.4,0.3,-0.4,-3.4,-2.3,-1.5,group-1
1.0,0.74,0.75,0.89,0.99,0.87,0.37,0.56,0.36,1.75,1.53,1.18,1.4,1.26,0.36,0.65,1.15,0.84,1.41,1.61,group-1
1.33,0.79,0.72,0.97,0.93,1.42,1.66,0.58,1.49,0.99,1.29,1.03,1.4,1.15,0.49,0.83,0.94,1.33,0.49,0.96,group-1
685.0,382.0,397.0,400.0,241.0,313.0,427.0,707.0,155.0,394.0,581.0,575.0,132.0,303.0,366.0,593.0,490.0,99.0,292.0,553.0,group-1
27.5,105.0,58.7,40.0,44.6,80.7,62.0,0.0,79.0,93.5,93.5,100.0,94.1,115.5,41.9,29.3,51.3,145.5,117.3,71.5,group-1
89.09,174.2,132.12,133.1,121.15,146.15,147.13,75.07,155.16,131.17,131.17,146.19,149.21,165.19,115.13,105.09,119.12,204.24,181.19,117.15,group-1
0.938,1.137,0.902,0.857,0.6856,0.9159999999999999,1.139,0.892,1.109,0.986,1.0,0.9520000000000001,1.077,1.11,1.266,0.956,1.018,0.971,1.157,0.9590000000000001,group-1
0.9740000000000001,1.129,0.988,0.892,0.972,1.092,1.054,0.845,0.9490000000000001,0.9279999999999999,1.11,0.946,0.9229999999999999,1.122,1.3619999999999999,0.932,1.023,0.879,0.902,0.9229999999999999,group-1
0.9640000000000001,1.143,0.9440000000000001,0.9159999999999999,0.778,1.047,1.051,0.835,1.014,0.922,1.085,0.9440000000000001,1.032,1.119,1.2990000000000002,0.9470000000000001,1.0170000000000001,0.895,1.0,0.955,group-1
1.8,12.5,-5.6,5.05,-16.5,6.3,12.0,0.0,-38.5,12.4,-11.0,14.6,-10.0,-34.5,-86.2,-7.5,-28.0,-33.7,-10.0,5.63,group-1
0.7,0.95,1.47,0.87,1.17,0.73,0.96,0.64,1.39,1.29,1.44,0.91,0.91,1.34,0.12,0.84,0.74,1.8,1.68,1.2,group-1
1.52,1.52,1.52,1.52,1.52,1.52,1.52,1.0,1.52,1.9,1.52,1.52,1.52,1.52,1.52,1.52,1.73,1.52,1.52,1.9,group-1
2.04,6.24,4.37,3.78,3.41,3.53,3.31,1.0,5.66,3.49,4.45,4.87,4.8,6.02,4.31,2.7,3.17,5.9,6.72,3.17,group-1
1.0,6.13,2.95,2.78,2.43,3.95,3.78,0.0,4.66,4.0,4.0,4.77,4.43,5.89,2.72,1.6,2.6,8.08,6.47,3.0,group-1
88.3,181.2,125.1,110.8,112.4,148.7,140.5,60.0,152.6,168.5,168.5,175.6,162.2,189.0,122.2,88.7,118.2,227.0,193.0,141.4,group-1
1.19,1.45,1.33,0.72,0.44,1.43,1.27,0.74,1.55,0.61,1.36,1.45,1.35,1.2,0.1,1.02,0.82,0.58,1.06,0.46,group-1
115.0,225.0,160.0,150.0,135.0,180.0,190.0,75.0,195.0,175.0,170.0,200.0,185.0,210.0,145.0,115.0,140.0,255.0,230.0,155.0,group-1
14.6,13.24,11.79,13.78,15.9,12.02,13.59,14.18,15.35,14.1,16.49,13.28,16.23,14.18,14.1,13.36,14.5,13.9,14.76,16.3,group-1
0.77,2.38,1.45,1.43,1.22,1.75,1.77,0.58,1.78,1.56,1.54,2.08,1.8,1.9,1.25,1.08,1.24,2.21,2.13,1.29,group-1
0.77,3.72,1.98,1.99,1.38,2.58,2.63,0.0,2.76,1.83,2.08,2.94,2.34,2.97,1.42,1.28,1.43,3.58,3.36,1.49,group-1
0.28800000000000003,0.36200000000000004,0.22899999999999998,0.271,0.5329999999999999,0.327,0.262,0.312,0.2,0.41100000000000003,0.4,0.265,0.375,0.318,0.34,0.354,0.38799999999999996,0.231,0.429,0.495,group-1
1.19,1.0,0.94,1.07,0.95,1.32,1.64,0.6,1.03,1.12,1.18,1.27,1.49,1.02,0.68,0.81,0.85,1.18,0.77,0.74,group-1
1.55,0.2,1.2,1.55,1.44,1.13,1.67,0.59,1.21,1.27,1.25,1.2,1.37,0.4,0.21,1.01,0.55,1.86,1.08,0.64,group-1
0.5,0.4,3.5,2.1,0.6,0.4,0.4,1.8,1.1,0.2,0.2,0.7,0.8,0.2,0.8,2.3,1.6,0.3,0.8,0.1,group-1
-0.31,-0.1,0.06,0.13,-0.11,-0.47,-0.05,0.45,-0.06,-0.25,-0.44,-0.44,-0.28,-0.04,-0.29,0.34,0.27,-0.08,0.06,0.11,group-1
297.0,238.0,236.0,270.0,178.0,185.0,249.0,290.0,277.0,284.0,337.0,224.0,283.0,284.0,222.0,228.0,253.0,282.0,344.0,293.0,group-1
90.0,194.0,124.7,117.3,103.3,149.4,142.2,64.9,160.0,163.9,164.0,167.3,167.0,191.9,122.9,95.4,121.5,228.2,197.0,139.0,group-1
89.3,190.3,122.4,114.4,102.5,146.9,138.8,63.8,157.5,163.0,163.1,165.1,165.8,190.8,121.6,94.2,119.6,226.4,194.6,138.2,group-1
0.46,-1.54,1.31,-0.33,0.2,-1.12,0.48,0.64,-1.31,3.28,0.43,-1.71,0.15,0.52,-0.58,-0.83,-1.52,1.25,-2.21,0.54,group-1
1.34,0.95,2.49,3.32,1.07,1.49,2.2,2.07,1.27,0.66,0.54,0.61,0.7,0.8,2.12,0.94,1.09,-4.65,-0.17,1.32,group-1
0.89,1.06,0.67,0.71,1.04,1.06,0.72,0.87,1.04,1.14,1.02,1.0,1.41,1.32,0.69,0.86,1.15,1.06,1.35,1.66,group-1
0.82,0.99,1.27,0.98,0.71,1.01,0.54,0.94,1.26,1.67,0.94,0.73,1.3,1.56,0.69,0.65,0.98,1.25,1.26,1.22,group-1
0.39,0.0,-1.91,-0.71,0.25,-1.3,-0.18,0.0,-0.6,1.82,1.82,0.32,0.96,2.27,0.0,-1.24,-1.0,2.13,1.47,1.3,group-1
0.39,-3.95,-1.91,-3.81,0.25,-1.3,-2.91,0.0,-0.64,1.82,1.82,-2.77,0.96,2.27,0.0,-1.24,-1.0,2.13,1.47,1.3,group-1
0.4,0.3,0.9,0.8,0.5,0.7,1.3,0.0,1.0,0.4,0.6,0.4,0.3,0.7,0.9,0.4,0.4,0.6,1.2,0.4,group-1
-0.871,-0.727,-0.741,-0.737,-0.6659999999999999,-0.728,-0.773,-0.8220000000000001,-0.685,-0.617,-0.7979999999999999,-0.715,-0.7170000000000001,-0.649,0.0,-0.679,-0.629,-0.669,-0.655,-0.599,group-1
-0.67,12.1,7.23,8.72,-0.34,6.39,7.35,0.0,3.82,-3.02,-3.02,6.13,-1.3,-3.24,-1.75,4.35,3.86,-2.86,0.98,-2.18,group-1
0.75,0.7,0.61,0.6,0.61,0.67,0.66,0.64,0.67,0.9,0.9,0.82,0.75,0.77,0.76,0.68,0.7,0.74,0.71,0.86,group-1
12.0,45.0,33.007,34.0,28.0,39.0,40.0,7.0,47.0,30.0,30.0,37.0,40.0,48.0,24.0,22.0,27.0,68.0,56.0,24.006999999999998,group-1
91.5,196.1,138.3,135.2,114.4,156.4,154.6,67.5,163.2,162.6,163.4,162.5,165.9,198.8,123.4,102.0,126.0,209.8,237.2,138.4,group-1
-12.04,39.23,4.25,23.22,3.95,2.16,16.81,-7.85,6.28,-18.32,-17.79,9.71,-8.86,-21.98,5.82,-1.54,-4.15,-16.19,-1.51,-16.22,group-1
0.077,0.051,0.043,0.052000000000000005,0.02,0.040999999999999995,0.062,0.07400000000000001,0.023,0.053,0.091,0.059000000000000004,0.024,0.04,0.051,0.069,0.059000000000000004,0.013999999999999999,0.032,0.066,group-1
1.08,0.93,1.05,0.86,1.22,0.95,1.09,0.85,1.02,0.98,1.04,1.01,1.11,0.96,0.91,0.95,1.15,1.17,0.8,1.03,group-1
6.69,6.65,4.49,4.97,1.7,5.39,7.76,6.32,2.11,4.51,8.23,8.36,2.46,3.59,5.2,7.4,5.18,1.06,2.75,5.27,group-1
0.15,-0.37,0.69,-0.22,-0.19,-0.06,0.14,0.36,-0.25,0.02,0.06,-0.16,0.11,1.18,0.11,0.13,0.28,-0.12,0.19,-0.08,group-1
1.15,1.06,0.87,1.0,1.03,1.43,1.37,0.64,0.95,0.99,1.22,1.2,1.45,0.92,0.72,0.84,0.97,1.11,0.72,0.82,group-1
1.34,0.91,0.83,1.06,1.27,1.13,1.69,0.47,1.11,0.84,1.39,1.08,0.9,1.02,0.48,1.05,0.74,0.64,0.73,1.18,group-1
1.0,12.0,6.0,6.0,3.0,8.0,8.0,0.0,9.0,6.0,6.0,9.0,7.0,11.0,4.0,3.0,4.0,14.0,13.0,4.0,group-1
1.0,8.12,5.0,5.17,2.33,5.86,6.0,0.0,6.71,3.25,5.0,7.0,5.4,7.0,4.0,1.67,3.25,11.1,8.88,3.25,group-1
1.0,6.0,4.0,4.0,2.0,4.0,5.0,1.0,6.0,4.0,4.0,4.0,4.0,6.0,4.0,2.0,3.0,8.0,7.0,3.0,group-1
2.0,12.0,8.0,8.0,4.0,10.0,10.0,0.0,14.0,8.0,8.0,10.0,8.0,14.0,8.0,4.0,6.0,24.0,18.0,6.0,group-1
1.0,7.0,4.0,4.0,2.0,5.0,5.0,0.0,6.0,4.0,4.0,5.0,4.0,8.0,4.0,2.0,3.0,12.0,9.0,3.0,group-1
2.0,8.0,5.0,5.0,3.0,6.0,6.0,1.0,7.0,5.0,5.0,6.0,5.0,8.0,4.0,3.0,4.0,11.0,9.0,4.0,group-1
1.3,0.8,0.6,0.5,0.7,0.2,0.7,0.5,1.9,1.6,1.4,1.0,2.8,2.9,0.0,0.5,0.6,2.1,0.8,1.4,group-1
2.5,7.5,5.0,2.5,3.0,6.0,5.0,0.5,6.0,5.5,5.5,7.0,6.0,6.5,5.5,3.0,5.0,7.0,7.0,5.0,group-1
0.946,1.128,0.43200000000000005,1.311,0.48100000000000004,1.615,0.698,0.36,2.168,1.2830000000000001,1.192,1.203,0.0,0.963,2.093,0.523,1.9609999999999999,1.925,0.802,0.409,group-1
8.6,4.9,4.3,5.5,2.9,3.9,6.0,8.4,2.0,4.5,7.4,6.6,1.7,3.6,5.2,7.0,6.1,1.3,3.4,6.6,group-1
-7.02,-10.131,-9.424,-9.296,-8.19,-10.044,-10.467,-5.456,-12.15,-9.512,-10.52,-9.666,-10.424000000000001,-12.485,-8.652000000000001,-7.782,-8.764,-14.42,-12.36,-8.777999999999999,group-1
0.69,0.0,1.52,2.42,0.0,1.44,0.63,2.64,0.22,0.43,0.0,1.18,0.88,2.2,1.34,1.43,0.28,0.0,1.53,0.14,group-1
0.0373,0.0959,0.0036,0.1263,0.0829,0.0761,0.0058,0.005,0.0242,0.0,0.0,0.0371,0.0823,0.0946,0.0198,0.0829,0.0941,0.0548,0.0516,0.0057,group-1
0.34299999999999997,0.353,0.409,0.429,0.319,0.395,0.405,0.389,0.307,0.29600000000000004,0.287,0.429,0.293,0.292,0.43200000000000005,0.41600000000000004,0.36200000000000004,0.268,0.22,0.307,group-1
5.3,2.6,3.0,3.6,1.3,2.4,3.3,4.8,1.4,3.1,4.7,4.1,1.1,2.3,2.5,4.5,3.7,0.8,2.3,4.2,group-1
0.72,1.33,1.38,1.04,1.01,0.81,0.75,1.35,0.76,0.8,0.63,0.84,0.62,0.58,1.43,1.34,1.03,0.87,1.35,0.83,group-1
0.159,0.19399999999999998,0.385,0.28300000000000003,0.187,0.23600000000000002,0.20600000000000002,0.049,0.233,0.581,0.083,0.159,0.198,0.682,0.366,0.15,0.07400000000000001,0.46299999999999997,0.737,0.301,group-1
90.1,192.8,127.5,117.1,113.2,149.4,140.8,63.8,159.3,164.9,164.6,170.0,167.7,193.5,123.1,94.2,120.0,197.1,231.7,139.1,group-1
0.616,0.0,0.23600000000000002,0.027999999999999997,0.68,0.251,0.043,0.501,0.165,0.943,0.943,0.28300000000000003,0.738,1.0,0.711,0.359,0.45,0.878,0.88,0.825,group-1
0.64,-0.1,0.09,0.33,0.03,-0.23,0.51,-0.09,-0.23,-0.22,0.41,-0.17,0.13,-0.03,-0.43,-0.1,-0.07,-0.02,-0.38,-0.01,group-1
8.6,4.2,4.6,4.9,2.9,4.0,5.1,7.8,2.1,4.6,8.8,6.3,2.5,3.7,4.9,7.3,6.0,1.4,3.6,6.7,group-1
8.1,4.6,3.7,3.8,2.0,3.1,4.6,7.0,2.0,6.7,11.0,4.4,2.8,5.6,4.7,7.3,5.6,1.8,3.3,7.7,group-1
7.6,5.0,4.4,5.2,2.2,4.1,6.2,6.9,2.1,5.1,9.4,5.8,2.1,4.0,5.4,7.2,6.1,1.4,3.2,6.7,group-1
8.3,8.7,3.7,4.7,1.6,4.7,6.5,6.3,2.1,3.7,7.4,7.9,2.3,2.7,6.9,8.8,5.1,0.7,2.4,5.3,group-1
7.9,4.9,4.0,5.5,1.9,4.4,7.1,7.1,2.1,5.2,8.6,6.7,2.4,3.9,5.3,6.6,5.3,1.2,3.1,6.8,group-1
0.046,0.29100000000000004,0.134,0.105,0.128,0.18,0.151,0.0,0.23,0.18600000000000003,0.18600000000000003,0.21899999999999997,0.221,0.29,0.131,0.062,0.10800000000000001,0.409,0.298,0.14,group-1
0.2,-0.7,-0.5,-1.4,1.9,-1.1,-1.3,-0.1,0.4,1.4,0.5,-1.6,0.5,1.0,-1.0,-0.7,-0.4,1.6,0.5,0.7,group-1
0.03731,0.09593,0.00359,0.1263,0.08292000000000001,0.07606,0.0058,0.00499,0.02415,0.0,0.0,0.0371,0.08226,0.0946,0.019790000000000002,0.08292000000000001,0.09408,0.054810000000000005,0.05159,0.00569,group-1
0.22,0.28,0.42,0.73,0.2,0.26,0.08,0.58,0.14,0.22,0.19,0.27,0.38,0.08,0.46,0.55,0.49,0.43,0.46,0.08,group-1
0.18,0.21,-0.03,-0.32,-0.29,-0.27,-0.25,-0.4,0.28,-0.03,0.62,0.41,0.21,0.05,-0.84,-0.05,-0.16,0.32,0.11,0.06,group-1
91.5,202.0,135.2,124.5,117.7,161.1,155.1,66.4,167.3,168.8,167.9,171.3,170.8,203.4,129.3,99.1,122.1,237.6,203.6,141.7,group-1
0.21,0.07,-0.04,-0.58,-0.12,0.13,-0.23,-0.15,0.37,0.31,0.7,0.28,0.61,-0.06,-1.03,-0.28,-0.25,0.21,0.16,0.0,group-1
-0.14,0.14,-0.27,-0.1,-0.64,-0.11,-0.39,0.46,-0.04,0.16,-0.57,0.04,0.24,0.08,0.02,-0.12,0.0,-0.1,0.18,0.29,group-1
-0.01,0.02,0.41,-0.09,-0.27,0.01,0.09,0.13,0.22,-0.27,-0.25,0.08,-0.57,-0.12,0.26,0.44,0.35,-0.15,0.15,-0.09,group-1
1.13,0.48,1.11,1.18,0.38,0.41,1.02,3.84,0.3,0.4,0.65,1.13,0.0,0.45,0.0,0.81,0.71,0.93,0.38,0.48,group-1
1.0,1.18,0.87,1.39,1.09,1.13,1.04,0.46,0.71,0.68,1.01,1.05,0.36,0.65,1.95,1.56,1.23,1.1,0.87,0.58,group-1
