key-property,mean,std,variance,max-value,min-value,p-value,normal-distribution
ANDN920101,4.4174999999999995,0.2497774008992807,0.06238874999999998,4.76,3.95,0.0941619873046875,T
ARGP820101,0.9974999999999999,0.805027173454412,0.64806875,2.65,0.0,0.10351470857858658,T
ARGP820102,0.968,0.8611364584083059,0.741556,3.23,0.05,0.014140542596578598,F
ARGP820103,1.0210000000000001,0.8198530356106515,0.6721590000000002,2.96,0.14,0.00897753145545721,F
BEGF750101,0.563,0.267508878357336,0.07156099999999999,1.0,0.06,0.29882046580314636,T
BEGF750102,0.7460000000000001,0.1532122710490253,0.023473999999999995,0.98,0.55,0.027454040944576263,F
BEGF750103,0.722,0.20752349264601344,0.043066,0.97,0.37,0.028190886601805687,F
BHAR880101,0.42679999999999996,0.08086630942487733,0.006539360000000003,0.544,0.295,0.07460179179906845,T
BIGC670101,86.69000000000001,23.847848959602207,568.7199,135.4,36.3,0.9971975684165955,T
BIOV880101,24.05,103.22716454499756,10655.847500000002,189.0,-141.0,0.06695336848497391,T
BIOV880102,6.35,101.1702896111304,10235.4275,163.0,-188.0,0.4153023064136505,T
BROC820101,2.52,8.168818764056404,66.7296,20.0,-9.2,0.06831232458353043,T
BROC820102,2.52,7.592930922904541,57.65260000000001,17.8,-14.3,0.40863633155822754,T
BULH740101,-0.8859999999999998,0.9077191195518578,0.823954,0.16,-2.46,0.0036569994408637285,F
BULH740102,0.6920499999999998,0.07800671445459038,0.006085047500000001,0.8420000000000001,0.5579999999999999,0.6490650773048401,T
BUNA790101,7.9289000000000005,1.823890344839843,3.3265759900000007,8.747,0.0,7.236482524319854e-09,F
BUNA790102,4.45845,0.2043419866302566,0.04175564749999997,4.765,3.972,0.5077565312385559,T
BUNA790103,5.9399999999999995,2.608141100477503,6.8024000000000004,9.4,0.0,3.448342249612324e-05,F
BURA740101,0.3257,0.11665380405284688,0.013608109999999996,0.5379999999999999,0.12,0.4369126856327057,T
BURA740102,0.3395,0.0855724838952335,0.007322649999999998,0.5329999999999999,0.2,0.8039138913154602,T
CHAM810101,0.6554999999999999,0.20896112078566192,0.043664749999999995,1.02,0.0,0.007482076995074749,F
CHAM820101,0.17575000000000002,0.09511828162871742,0.009047487500000001,0.409,0.0,0.8308351635932922,T
CHAM820102,0.7445999999999999,1.647129636671018,2.71303604,4.91,-2.24,0.04002508521080017,F
CHAM830101,0.9984999999999999,0.29833328677839493,0.08900275000000002,1.61,0.59,0.2295992523431778,T
CHAM830102,0.07205,0.1757365855478022,0.0308833475,0.513,-0.258,0.7486218810081482,T
CHAM830103,1.0,0.5477225575051661,0.3,2.0,0.0,0.00011112709762528539,F
CHAM830104,0.7,0.5567764362830022,0.31000000000000005,2.0,0.0,0.00011079057003371418,F
CHAM830105,0.475,0.5356071321407138,0.286875,1.5,0.0,4.6585118980146945e-05,F
CHAM830106,2.35,1.6209565077447328,2.6275,5.0,0.0,0.11858340352773666,T
CHAM830107,0.2,0.4000000000000001,0.16000000000000006,1.0,0.0,2.888745029849815e-07,F
CHAM830108,0.5,0.5,0.25,1.0,0.0,8.099740625766572e-06,F
CHOC750101,151.82,41.37336824576892,1711.7556,237.6,66.4,0.9536471962928772,T
CHOC760101,170.25,42.587410111440214,1813.6875,255.0,75.0,0.9999440312385559,T
CHOC760102,43.85,22.705230674890753,515.5275,97.0,18.0,0.04258113354444504,F
CHOC760103,0.2730000000000001,0.17076592165886026,0.029161,0.6,0.01,0.358551949262619,T
CHOC760104,0.08900000000000001,0.0738173421358423,0.005449,0.22,0.0,0.014756797812879086,F
CHOP780101,0.9915,0.3577188141543578,0.12796274999999996,1.56,0.47,0.08181548118591309,T
CHOP780201,1.0,0.273970801363941,0.07505999999999999,1.51,0.57,0.3492327928543091,T
CHOP780202,1.0285,0.3589606524397904,0.12885275000000002,1.7,0.37,0.896596372127533,T
CHOP780203,0.9915,0.35771881415435786,0.12796275000000001,1.56,0.47,0.08181548118591309,T
CHOP780204,1.0094999999999998,0.5498679386907369,0.30235475,2.44,0.44,0.0005532702198252082,F
CHOP780205,1.0055,0.45111500750917166,0.20350475,1.83,0.0,0.732784628868103,T
CHOP780206,0.9504999999999999,0.2905937886466261,0.08444475000000001,1.55,0.34,0.8505362868309021,T
CHOP780207,0.9880000000000001,0.4557587080901472,0.207716,1.86,0.16,0.5939069390296936,T
CHOP780208,1.036,0.45415195694833244,0.206254,1.94,0.35,0.4348996877670288,T
CHOP780209,1.0175,0.39443472210240316,0.15557875,1.96,0.4,0.18035189807415009,T
CHOP780210,0.9785000000000001,0.43324675417133823,0.18770275,1.86,0.3,0.5307129621505737,T
CHOP780211,0.9895000000000002,0.38490875542133357,0.14815474999999997,1.69,0.44,0.159223735332489,T
CHOP780212,0.08870000000000001,0.03527761329795427,0.00124451,0.161,0.043,0.015487371012568474,F
CHOP780213,0.08445,0.05937463684099465,0.003525347499999999,0.301,0.013000000000000001,0.0003411288489587605,F
CHOP780214,0.0824,0.05451641954494077,0.00297204,0.191,0.013000000000000001,0.04665203019976616,F
CHOP780215,0.0875,0.03251538097577821,0.0010572499999999998,0.16699999999999998,0.053,0.018710074946284294,F
CHOP780216,0.9629999999999999,0.4786136228733988,0.22907100000000002,2.04,0.29,0.24204912781715393,T
CIDH920101,0.17650000000000002,0.9998013552701356,0.9996027499999999,1.49,-1.52,0.02415468357503414,F
CIDH920102,0.28700000000000003,0.9985394333725633,0.9970809999999999,2.25,-1.31,0.248663991689682,T
CIDH920103,0.1365,0.9997563453161977,0.9995127500000003,2.17,-1.2,0.06608990579843521,T
CIDH920104,0.078,0.9990425416367412,0.9980859999999998,2.06,-1.2,0.07456813752651215,T
CIDH920105,0.1395,0.9953264539838172,0.9906747499999999,1.81,-1.14,0.0406525544822216,F
COHE430101,0.7249999999999999,0.0884024886527523,0.007814999999999999,0.9,0.6,0.1908109188079834,T
CRAJ730101,1.0395,0.3290360922452125,0.10826474999999999,1.66,0.49,0.6214152574539185,T
CRAJ730102,0.9834999999999999,0.4109534645187944,0.16888275,1.75,0.36,0.5797581672668457,T
CRAJ730103,1.0130000000000001,0.3048622639816217,0.09294099999999998,1.47,0.48,0.17471995949745178,T
DAWD720101,5.05,1.8020821290940099,3.2475,7.5,0.5,0.04918905347585678,F
DAYM780101,4.994999999999999,2.078094078717323,4.318475,8.6,1.3,0.8572523593902588,T
DAYM780201,73.4,32.22638670406597,1038.54,134.0,18.0,0.5126197934150696,T
DESM900101,0.9690000000000001,0.5406838262792776,0.29233899999999996,1.93,0.15,0.3340167701244354,T
DESM900102,0.9359999999999999,0.44683777817010945,0.19966399999999995,1.6,0.23,0.09039222449064255,T
EISD840101,-0.14650000000000002,0.6206389852402119,0.38519275,0.73,-1.76,0.30932289361953735,T
EISD860101,0.6084999999999999,1.2710006884341172,1.6154427499999997,2.6,-2.1,0.7451232075691223,T
EISD860102,1.8224999999999993,2.248161193064234,5.05422875,10.0,0.0,1.4382975678017829e-05,F
EISD860103,-0.08550000000000002,0.7878672159697978,0.62073475,0.99,-1.0,0.0024871607311069965,F
FASG760101,136.90099999999998,30.084164090098962,905.056929,204.24,75.07,0.9909631013870239,T
FASG760102,262.7,42.48187848953952,1804.7100000000003,344.0,178.0,0.5794859528541565,T
FASG760103,-10.561000000000002,23.70663934428497,562.0047490000001,14.6,-86.2,0.0039539700374007225,F
FASG760104,9.357500000000002,0.45336381637709017,0.20553874999999994,10.64,8.35,0.09446950256824493,T
FASG760105,2.146,0.18701336850610437,0.03497399999999999,2.43,1.82,0.18747955560684204,T
FAUJ830101,0.48200000000000004,1.0039003934654076,1.0078160000000003,2.25,-1.01,0.27083373069763184,T
FAUJ880101,2.2745,0.952682922067988,0.9076047500000002,4.19,0.0,0.7378873825073242,T
FAUJ880102,0.6439999999999999,0.2438319093145932,0.05945400000000001,0.96,0.0,0.0009591379202902317,F
FAUJ880103,3.7619999999999996,1.8894697668922886,3.5700959999999995,8.08,0.0,0.9621832370758057,T
FAUJ880104,5.0135000000000005,1.4168884042153778,2.00757275,7.82,2.06,0.433362752199173,T
FAUJ880105,1.5425,0.1722171594237926,0.02965874999999999,1.9,1.0,3.829248271358665e-06,F
FAUJ880106,4.147,1.4409236621001127,2.0762609999999997,6.72,1.0,0.821430504322052,T
FAUJ880107,11.774999999999999,3.9867123046440156,15.893875,17.8,0.0,0.11375771462917328,T
FAUJ880108,0.04,0.045497252664309304,0.00207,0.15,-0.01,0.03344177454710007,F
FAUJ880109,0.85,1.0136567466356647,1.0275,4.0,0.0,0.0003364901931490749,F
FAUJ880110,1.25,1.4448183276799889,2.0875,4.0,0.0,0.0006399525445885956,F
FAUJ880111,0.15,0.3570714214271425,0.1275,1.0,0.0,8.316843747024905e-08,F
FAUJ880112,0.1,0.30000000000000004,0.09000000000000001,1.0,0.0,1.8460101003370255e-08,F
FAUJ880113,4.1365,1.1449815500696943,1.3109827499999998,5.69,0.0,0.0003441957524046302,F
FINA770101,0.9745000000000001,0.17642207911709917,0.031124749999999996,1.25,0.55,0.20499543845653534,T
FINA910101,1.1800000000000002,0.5767148342118485,0.3326,3.2,0.6,4.5830372982891276e-05,F
FINA910102,1.655,2.6140916204295523,6.833475000000002,13.0,0.7,7.4439481245747174e-09,F
FINA910103,1.065,0.2797766966707556,0.07827499999999998,1.7,0.7,0.004764594603329897,F
FINA910104,1.02,0.3325657829663178,0.11059999999999999,1.7,0.1,0.0001452980941394344,F
GARJ730101,0.7645,1.235258980942863,1.52586475,5.7,0.09,5.819080115543329e-07,F
GEIM800101,1.0375,0.27782863423340654,0.07718875,1.54,0.63,0.2244340181350708,T
GEIM800102,1.0710000000000002,0.13956718812099067,0.019479,1.32,0.82,0.7171080708503723,T
GEIM800103,1.0690000000000002,0.47095541190223095,0.22179900000000002,1.86,0.2,0.22650885581970215,T
GEIM800104,1.0425,0.2605738858750047,0.06789874999999998,1.64,0.6,0.9222092032432556,T
GEIM800105,1.0085,0.25774551402497775,0.06643275,1.56,0.57,0.95676189661026,T
GEIM800106,1.0005,0.2678147680767437,0.07172475000000002,1.37,0.37,0.17748041450977325,T
GEIM800107,0.9940000000000001,0.2542518436511327,0.06464400000000001,1.58,0.41,0.9675721526145935,T
GEIM800108,0.9840000000000002,0.3313065046146846,0.109764,1.66,0.58,0.029983069747686386,F
GEIM800109,1.0100000000000002,0.580921681468337,0.33747,2.1,0.0,0.6196981072425842,T
GEIM800110,0.9615,0.3661594597985965,0.13407275,1.77,0.41,0.43997910618782043,T
GEIM800111,0.97,0.29737182112634686,0.08843000000000002,1.67,0.58,0.26756900548934937,T
GOLD730101,1.259,1.087372521263987,1.182379,3.0,0.0,0.013777983374893665,F
GOLD730102,143.695,40.09850963564606,1607.8904750000002,227.0,60.0,0.997477114200592,T
GRAR740101,0.621,0.68214294689603,0.4653189999999999,2.75,0.0,0.0023874598555266857,F
GRAR740102,8.325,2.622379644521365,6.876875000000001,13.0,4.9,0.06403213739395142,T
GRAR740103,84.025,41.86540188508884,1752.7118750000002,170.0,3.0,0.9103641510009766,T
GUYH850101,-0.09149999999999998,1.0647360001427584,1.13366275,1.91,-2.12,0.7550312280654907,T
HOPA770101,2.1149999999999998,1.7667130497055825,3.121275,6.5,0.1,0.0004575281636789441,F
HOPT810101,-0.21499999999999994,1.876506061807422,3.521275,3.0,-3.4,0.05015473812818527,T
HUTJ700101,43.5795,11.567495612707186,133.80695475,69.32,23.71,0.9822317361831665,T
HUTJ700102,47.650499999999994,11.311241079121245,127.94417474999997,68.43,24.74,0.9866818785667419,T
HUTJ700103,217.69800000000004,45.08048431416859,2032.2500659999998,341.01,127.9,0.10491572320461273,T
ISOY800101,1.0265,0.3683106704943532,0.13565275,1.66,0.25,0.9411390423774719,T
ISOY800102,1.031,0.231816737963418,0.053739,1.4,0.66,0.3079379200935364,T
ISOY800103,0.9455,0.4011667359091478,0.16093474999999996,1.73,0.3,0.5281752347946167,T
ISOY800104,0.9530000000000001,0.5419603306516076,0.2937209999999999,2.96,0.44,0.00010453239519847557,F
ISOY800105,0.9250000000000002,0.6356925357434993,0.40410500000000005,2.4,0.12,0.011504278518259525,F
ISOY800106,1.0085000000000002,0.301865450159504,0.09112275,1.78,0.27,0.2556675374507904,T
ISOY800107,1.0110000000000001,0.7491655357796432,0.5612489999999999,2.78,0.0,0.15031133592128754,T
ISOY800108,0.8955,0.6175635594819371,0.38138475,3.03,0.39,1.7495747670182027e-05,F
JANJ780101,46.76500000000001,23.436174495851493,549.254275,103.0,15.5,0.07615004479885101,T
JANJ780102,37.75,20.825165065372232,433.6875,74.0,3.0,0.36552849411964417,T
JANJ780103,33.3,21.52695984109229,463.41000000000014,85.0,5.0,0.12217212468385696,T
JANJ790101,1.3575,1.1856722776551705,1.40581875,4.6,0.05,0.01753430999815464,F
JANJ790102,-0.11499999999999999,0.686494719571826,0.471275,0.9,-1.8,0.24111627042293549,T
JOND750101,1.4175,1.1430523828766552,1.3065687499999998,3.77,0.0,0.10514914989471436,T
JOND750102,2.0965000000000003,0.2896251888216907,0.08388274999999998,2.38,1.18,0.002130339853465557,F
JOND920101,0.050050000000000004,0.020098445213498482,0.00040394750000000005,0.091,0.013999999999999999,0.9221678376197815,T
JOND920102,77.35,24.831985422031803,616.6274999999999,117.0,25.0,0.3331368565559387,T
JUKT750101,3.05,1.281990639591413,1.6435,5.3,0.8,0.6904933452606201,T
JUNJ780101,404.25,171.15544835032276,29294.1875,707.0,99.0,0.6947500705718994,T
KANM800101,1.0125,0.2508161677404389,0.06290874999999999,1.48,0.52,0.9763913154602051,T
KANM800102,0.9995,0.2875147822286708,0.08266474999999998,1.66,0.53,0.6802759766578674,T
KANM800103,1.025,0.3875499967746097,0.15019500000000002,1.83,0.21,0.8458525538444519,T
KANM800104,0.97,0.47024461719407273,0.22113,2.0,0.31,0.08747503161430359,T
KARP850101,1.0337999999999998,0.07584167719664434,0.005751960000000001,1.169,0.925,0.2549240291118622,T
KARP850102,0.98345,0.07176243794632398,0.005149847499999999,1.089,0.862,0.1490400731563568,T
KARP850103,0.90625,0.0525612737669094,0.0027626874999999987,1.057,0.8029999999999999,0.006451343651860952,F
KHAG800101,32.7,34.17661481188563,1168.0410000000002,133.0,-3.6,0.012917526066303253,F
KLEP840101,0.0,0.4472135954999579,0.2,1.0,-1.0,6.468262199632591e-06,F
KRIW710101,4.632499999999999,2.0869400446586868,4.355318750000001,7.9,-1.0,0.48826098442077637,T
KRIW790101,4.7755,1.7813912400143883,3.17335475,7.92,1.73,0.2412329465150833,T
KRIW790102,0.265,0.12587692401707312,0.015844999999999998,0.59,0.08,0.4274488389492035,T
KRIW790103,72.545,35.44375085963674,1256.259475,145.5,0.0,0.9881378412246704,T
KYTJ820101,-0.49000000000000005,2.911339897710331,8.4759,4.5,-4.5,0.055269356817007065,T
LAWE840101,0.18750000000000003,0.7672540322474689,0.58867875,2.03,-0.87,0.19339025020599365,T
LEVM760101,-0.33499999999999996,1.8106007290399504,3.278275,3.0,-3.4,0.11856748908758163,T
LEVM760102,2.1265,0.93830312266346,0.8804127500000002,3.72,0.0,0.8895354270935059,T
LEVM760103,110.36999999999998,26.681680981527382,711.9121,122.0,0.0,6.025130261377853e-08,F
LEVM760104,218.9,22.159151608308473,491.0280000000001,300.0,195.6,8.614615944679826e-05,F
LEVM760105,1.5604999999999998,0.4595266586390826,0.21116474999999996,2.38,0.58,0.9372584223747253,T
LEVM760106,6.029999999999999,0.8916838004584359,0.7950999999999997,7.6,4.2,0.325531542301178,T
LEVM760107,0.17025,0.1322258957239466,0.0174836875,0.56,0.025,0.0013230862095952034,F
LEVM780101,1.0305,0.2598744889364864,0.06753474999999999,1.47,0.52,0.8055647611618042,T
LEVM780102,0.9934999999999998,0.2434804920317026,0.059282749999999995,1.49,0.64,0.2304385006427765,T
LEVM780103,0.952,0.3888264394302424,0.151186,1.91,0.41,0.27743399143218994,T
LEVM780104,1.0159999999999998,0.24820153101864625,0.06160400000000001,1.44,0.58,0.38988161087036133,T
LEVM780105,1.004,0.24389341934541817,0.059484,1.47,0.66,0.2827712893486023,T
LEVM780106,0.9594999999999999,0.3611436694724138,0.13042475000000003,1.78,0.46,0.09806741029024124,T
LEWP710101,0.32599999999999996,0.17970531433432904,0.032294,0.73,0.08,0.34418508410453796,T
LIFS790101,1.033,0.4078737549781795,0.16636100000000004,1.81,0.4,0.40516549348831177,T
LIFS790102,0.9654999999999999,0.6424132237119657,0.4126947500000001,2.63,0.28,0.0010788426734507084,F
LIFS790103,1.057,0.39051376416203315,0.15250100000000003,1.75,0.42,0.5494006872177124,T
MANP780101,12.875,1.5354917779004877,2.357735000000001,15.71,10.85,0.04133938252925873,F
MAXF760101,1.0240000000000002,0.327939018721469,0.107544,1.67,0.46,0.9240387082099915,T
MAXF760102,1.0155,0.19327376956017597,0.037354750000000006,1.33,0.62,0.6747496128082275,T
MAXF760103,1.0425,0.6409046340915316,0.41075875,3.14,0.32,0.0005225290078669786,F
MAXF760104,0.8204999999999998,1.128204214670376,1.2728447499999997,5.02,0.0,6.995033345447155e-06,F
MAXF760105,0.7895000000000001,0.7847259075626342,0.6157947499999998,3.84,0.0,1.5122283002710901e-05,F
MAXF760106,0.9955000000000002,0.36828623379105546,0.13563474999999997,1.95,0.36,0.6101165413856506,T
MCMT640101,18.755999999999997,10.380824822720014,107.76152400000001,42.53,0.0,0.9275862574577332,T
MEEJ800101,1.8200000000000003,7.583046881036672,57.502599999999994,14.9,-16.9,0.58636474609375,T
MEEJ800102,2.7049999999999996,6.8239632912260015,46.566475000000004,18.1,-7.5,0.14133866131305695,T
MEEJ810101,3.2600000000000002,5.86902036118465,34.4454,17.1,-4.2,0.08395471423864365,T
MEEJ810102,2.67,5.1975090187511945,27.014100000000003,15.1,-3.0,0.037055980414152145,F
MEIH800101,0.9304999999999998,0.08662996017544969,0.00750475,1.05,0.78,0.03872812166810036,F
MEIH800102,0.9665000000000001,0.1338011584404261,0.017902750000000005,1.23,0.73,0.4114982485771179,T
MEIH800103,86.4,13.192422067232386,174.04,108.0,65.0,0.3643934428691864,T
MIYS850101,2.6425,1.0053003282601674,1.0106287500000002,4.37,1.23,0.014933194033801556,F
NAGK730101,1.0174999999999998,0.238681272830526,0.05696875,1.54,0.63,0.5095998048782349,T
NAGK730102,1.0145,0.2910579839138586,0.08471474999999999,1.54,0.33,0.9091265201568604,T
NAGK730103,0.9735000000000001,0.28205097057092354,0.07955274999999999,1.43,0.58,0.02083473838865757,F
NAKH900101,4.998500000000001,2.0485147668493875,4.19641275,9.16,1.34,0.8851825594902039,T
NAKH900102,2.5435,0.7188134319835712,0.51669275,3.73,1.15,0.5687274932861328,T
NAKH900103,4.999500000000001,3.1989349399448557,10.233184749999998,15.36,1.03,0.006487132981419563,F
NAKH900104,0.12,0.9978526945396299,0.9957099999999999,2.04,-1.36,0.423260360956192,T
NAKH900105,5.0,3.4730807649693376,12.062289999999999,16.52,1.11,0.003243408864364028,F
NAKH900106,0.13200000000000003,1.1341454933120352,1.2862859999999998,2.55,-1.54,0.3376232385635376,T
NAKH900107,5.0005,2.8288893138473976,8.00261475,12.64,0.86,0.17309805750846863,T
NAKH900108,0.09500000000000001,0.846277141366822,0.716185,1.77,-1.13,0.12778440117835999,T
NAKH900109,4.999,2.5254146194239073,6.377718999999999,10.94,1.07,0.3497472107410431,T
NAKH900110,0.041999999999999996,0.5080413369008472,0.25810600000000006,1.3,-0.75,0.36302265524864197,T
NAKH900111,4.9985,4.456377761141889,19.859302749999994,16.22,1.04,0.001934895059093833,F
NAKH900112,4.999999999999999,5.0751906368135575,25.75756,21.66,0.41,0.0006339746760204434,F
NAKH900113,1.0925000000000002,0.6385129207776457,0.40769874999999994,3.12,0.37,0.00333444238640368,F
NAKH920101,4.9985,2.430006738673784,5.90493275,8.63,0.8,0.32603734731674194,T
NAKH920102,5.0015,2.8780501646079766,8.283172750000002,10.88,0.47,0.7589014172554016,T
NAKH920103,4.9990000000000006,1.9063653899502055,3.634228999999999,8.11,1.6,0.6764287948608398,T
NAKH920104,4.999,2.015464958762618,4.062099000000001,9.88,1.85,0.6914465427398682,T
NAKH920105,4.9990000000000006,5.96270819343023,35.553889,22.28,0.08,0.0005573172820731997,F
NAKH920106,5.004499999999999,2.138774123183652,4.5743547499999995,8.36,1.06,0.5157756805419922,T
NAKH920107,5.0,1.6237117970871553,2.6364399999999995,8.2,2.1,0.38661685585975647,T
NAKH920108,5.0005,4.841564287500477,23.44074475,16.64,0.27,0.0037160369101911783,F
NISK800101,0.08250000000000002,0.846019355570545,0.7157487500000002,1.78,-1.13,0.373211145401001,T
NISK860101,0.4960000000000001,3.54110773628818,12.539444,5.58,-4.18,0.014345712028443813,F
NOZY710101,0.8,1.0339245620450266,1.069,3.4,0.0,0.0003961711481679231,F
OOBM770101,-1.7532500000000002,0.19358431625521733,0.0374748875,-1.374,-2.035,0.169054314494133,T
OOBM770102,-1.20015,0.12295050833567142,0.015116827500000008,-0.9209999999999999,-1.4040000000000001,0.9012271761894226,T
OOBM770103,-0.55295,0.14876675535885026,0.022131547499999998,-0.3,-0.8390000000000001,0.6736200451850891,T
OOBM770104,-14.506750000000002,4.138742102076427,17.1291861875,-7.5920000000000005,-26.166,0.11789131909608841,T
OOBM770105,-9.77705,1.9916838221715814,3.9668044474999995,-5.456,-14.42,0.8520548939704895,T
OOBM850101,1.5320000000000003,1.364234583933423,1.8611359999999997,3.7,-2.05,0.42795559763908386,T
OOBM850102,1.0079999999999998,1.5147824926371445,2.2945660000000005,3.32,-4.65,0.00010658290557330474,F
OOBM850103,-0.09450000000000003,1.2671680038574207,1.6057147500000002,3.28,-2.21,0.27962568402290344,T
OOBM850104,-1.7884999999999998,6.667035529378856,44.44936275,9.25,-17.84,0.8846513032913208,T
OOBM850105,4.6175,2.649001462815753,7.017208749999999,10.68,-0.78,0.5998100638389587,T
PALJ810101,1.0105,0.23715975628255315,0.05624475000000001,1.43,0.63,0.3639949560165405,T
PALJ810102,1.0034999999999998,0.2609458756140821,0.06809275000000001,1.48,0.57,0.5842187404632568,T
PALJ810103,1.012,0.23766783543424633,0.056485999999999995,1.47,0.59,0.7416496872901917,T
PALJ810104,1.0085,0.34786886897220337,0.12101275,1.73,0.44,0.48526328802108765,T
PALJ810105,0.9570000000000002,0.36047329998212074,0.12994100000000003,1.76,0.49,0.19010747969150543,T
PALJ810106,1.006,0.3411216791703512,0.116364,1.53,0.55,0.017837010324001312,F
PALJ810107,1.008,0.1078702924812944,0.011636,1.22,0.8,0.9983342885971069,T
PALJ810108,0.993,0.29866536458049503,0.089201,1.69,0.47,0.9479660987854004,T
PALJ810109,1.023,0.22499111093552115,0.05062099999999999,1.45,0.64,0.6836469173431396,T
PALJ810110,1.036,0.2525153460683132,0.063764,1.66,0.67,0.2825137674808502,T
PALJ810111,1.0385000000000002,0.2974605015796215,0.08848275,1.67,0.54,0.4833168685436249,T
PALJ810112,1.0020000000000002,0.26530359967403383,0.070386,1.62,0.59,0.719876229763031,T
PALJ810113,0.9485000000000003,0.8249077221119948,0.6804727500000001,2.64,0.0,0.05501885712146759,T
PALJ810114,0.9225,0.4132054573695754,0.17073875,1.69,0.0,0.9970097541809082,T
PALJ810115,0.9450000000000001,0.3722029016544605,0.13853500000000002,1.62,0.36,0.510819673538208,T
PALJ810116,0.9540000000000001,0.4017885015776335,0.16143400000000002,1.78,0.39,0.21711567044258118,T
PARJ860101,0.9800000000000002,6.1723253316720115,38.09760000000001,10.0,-10.0,0.04362190142273903,F
PLIV810101,-2.636,0.637239358483137,0.406074,-1.61,-3.41,0.016677141189575195,F
PONP800101,12.5415,1.4372622412072196,2.06572275,15.07,10.8,0.024443689733743668,F
PONP800102,7.8895,1.5292660821452886,2.338654750000001,10.93,5.72,0.16520041227340698,T
PONP800103,2.686,0.34488258871679794,0.11894400000000001,3.36,2.12,0.39583253860473633,T
PONP800104,12.743500000000001,1.2639947586916649,1.5976827500000002,15.36,10.98,0.29983168840408325,T
PONP800105,14.282500000000002,1.267051202596012,1.6054187500000001,16.49,11.79,0.43118414282798767,T
PONP800106,11.8355,1.3833997072429933,1.9137947499999997,15.0,9.93,0.10881732404232025,T
PONP800107,3.871,1.81047203789509,3.277809,7.69,1.79,0.004650781862437725,F
PONP800108,6.160000000000001,0.9134385584153978,0.8343700000000002,7.86,4.88,0.22998890280723572,T
PRAM820101,0.29435000000000006,0.04757759451674706,0.0022636275,0.391,0.195,0.96440190076828,T
PRAM820102,0.11239999999999999,0.037876641878603755,0.0014346399999999996,0.201,0.054000000000000006,0.4472002685070038,T
PRAM820103,0.55995,0.11670281701827082,0.0136195475,0.713,0.263,0.07518302649259567,T
PRAM900101,5.734999999999999,19.96049285463663,398.421275,51.5,-15.5,0.007168494164943695,F
PRAM900102,1.0305,0.2598744889364864,0.06753474999999999,1.47,0.52,0.8055647611618042,T
PRAM900103,0.9934999999999998,0.2434804920317026,0.059282749999999995,1.49,0.64,0.2304385006427765,T
PRAM900104,0.951,0.39051120342443446,0.15249900000000002,1.91,0.39,0.31834444403648376,T
PTIO830101,0.9125,0.25193004981542,0.06346875,1.25,0.1,0.005825533531606197,F
PTIO830102,1.55,1.1403946685248927,1.3005,4.0,0.2,0.014902801252901554,F
QIAN880101,-0.033499999999999995,0.11109792977369108,0.012342749999999996,0.26,-0.25,0.4955504238605499,T
QIAN880102,-0.03,0.16730212192318422,0.027989999999999998,0.26,-0.37,0.5340391993522644,T
QIAN880103,0.003,0.2756102320306704,0.075961,0.64,-0.43,0.16980618238449097,T
QIAN880104,-0.004500000000000009,0.2727540100530146,0.07439475,0.47,-0.67,0.4586922526359558,T
QIAN880105,-0.010500000000000004,0.3573859958084536,0.12772475,0.68,-0.76,0.20893186330795288,T
QIAN880106,-0.08249999999999999,0.3383175283664741,0.11445875000000001,0.43,-0.88,0.1415722817182541,T
QIAN880107,-0.08550000000000002,0.4249997058822511,0.18062474999999997,0.57,-1.12,0.6632338762283325,T
QIAN880108,-0.025000000000000022,0.5376104537674096,0.289025,0.79,-1.86,0.003649151185527444,F
QIAN880109,-0.031499999999999986,0.4321142788661351,0.18672275,0.63,-1.4,0.01549903117120266,F
QIAN880110,-0.044499999999999984,0.4776450041610401,0.22814475,0.58,-1.33,0.19003313779830933,T
QIAN880111,0.015499999999999996,0.383242416754722,0.14687475,0.7,-1.03,0.4734543263912201,T
QIAN880112,-0.009500000000000003,0.32308628878366225,0.10438475,0.62,-0.84,0.8698596954345703,T
QIAN880113,-0.025,0.2303584163862914,0.05306500000000001,0.45,-0.42,0.7081311345100403,T
QIAN880114,-0.024999999999999998,0.2346593275367506,0.055064999999999996,0.41,-0.42,0.37651094794273376,T
QIAN880115,0.017000000000000005,0.24851760501018838,0.06176100000000001,0.44,-0.57,0.9081920981407166,T
QIAN880116,-0.07999999999999999,0.18458060569843193,0.03407,0.25,-0.42,0.779798686504364,T
QIAN880117,-0.043500000000000004,0.26726905918942434,0.07143275,0.46,-0.64,0.5878499150276184,T
QIAN880118,0.0029999999999999944,0.33570969601725836,0.11270100000000001,0.57,-0.54,0.2119041234254837,T
QIAN880119,-0.007500000000000007,0.5274739330052244,0.27822874999999997,0.95,-0.91,0.4427783787250519,T
QIAN880120,-0.07349999999999998,0.6085004108462048,0.37027274999999993,1.1,-1.24,0.9924606084823608,T
QIAN880121,-0.086,0.5170048355673281,0.267294,0.94,-1.28,0.9937448501586914,T
QIAN880122,-0.0295,0.36271855480523735,0.13156474999999998,0.58,-0.79,0.7579019665718079,T
QIAN880123,-0.10600000000000001,0.24986796513358808,0.06243399999999999,0.47,-0.58,0.974550187587738,T
QIAN880124,-0.07499999999999998,0.25299209473815576,0.06400499999999999,0.45,-0.47,0.6444114446640015,T
QIAN880125,-0.024,0.22406249128312394,0.05020399999999999,0.41,-0.48,0.3391941785812378,T
QIAN880126,-0.011000000000000015,0.29882938275879095,0.08929899999999999,0.5,-0.52,0.6516413688659668,T
QIAN880127,0.053500000000000006,0.1826547289286538,0.033362750000000004,0.33,-0.42,0.28029704093933105,T
QIAN880128,0.042499999999999996,0.22400613830875263,0.05017875000000001,0.45,-0.38,0.7136592268943787,T
QIAN880129,-0.003499999999999996,0.23467584025629906,0.05507274999999999,0.33,-0.43,0.23425988852977753,T
QIAN880130,-0.07749999999999999,0.23876505188155156,0.05700875000000001,0.42,-0.53,0.5546243786811829,T
QIAN880131,0.011999999999999997,0.404457661566696,0.163586,0.89,-0.55,0.3090924322605133,T
QIAN880132,-0.001500000000000029,0.6043697130068647,0.36526275,1.4,-0.86,0.3042230010032654,T
QIAN880133,-0.015500000000000003,0.7671341147413534,0.58849475,1.77,-1.32,0.6840965747833252,T
QIAN880134,-0.031500000000000014,0.7155576496691234,0.51202275,2.27,-0.99,0.01707349345088005,F
QIAN880135,-0.007499999999999995,0.523544410723675,0.27409875000000006,1.59,-0.8,0.08501164615154266,T
QIAN880136,-0.06000000000000001,0.42,0.17639999999999997,1.14,-0.81,0.02540982887148857,F
QIAN880137,-0.022500000000000006,0.2679528876500494,0.07179875,0.77,-0.44,0.037685610353946686,F
QIAN880138,0.045000000000000005,0.30363629559062927,0.092195,0.78,-0.36,0.15493176877498627,T
QIAN880139,0.052000000000000005,0.2411348170629866,0.05814600000000001,0.48,-0.45,0.8926429152488708,T
RACS770101,0.9314499999999999,0.09471772537387076,0.0089714475,1.056,0.7659999999999999,0.092974953353405,T
RACS770102,0.9736,0.14607443308122062,0.02133774,1.232,0.723,0.17165528237819672,T
RACS770103,1.5385,1.0309523509842733,1.06286275,3.9,0.4,0.017139645293354988,F
RACS820101,1.2685,0.41158565329709923,0.16940274999999996,2.02,0.67,0.06308047473430634,T
RACS820102,1.102,0.25594139954294226,0.06550600000000001,1.58,0.66,0.8357763886451721,T
RACS820103,1.2395,1.11670710125798,1.24703475,2.86,0.0,0.0018797052325680852,F
RACS820104,1.239,0.5363291899570637,0.2876490000000001,3.14,0.41,0.0007512899464927614,F
RACS820105,1.2315,0.37144683334226986,0.13797275,1.96,0.7,0.04467123746871948,F
RACS820106,1.1939999999999997,0.6794954010146058,0.461714,3.09,0.3,0.004586461465805769,F
RACS820107,1.2369999999999997,0.7228423064541808,0.5225009999999999,2.98,0.0,0.3229169249534607,T
RACS820108,1.085,0.3221412733568923,0.10377500000000002,1.48,0.25,0.04772386699914932,F
RACS820109,1.001,1.694136653283908,2.870099,6.49,0.0,1.0182719961449038e-05,F
RACS820110,1.1624999999999999,0.5529093506172599,0.30570875000000003,2.73,0.4,0.0027491957880556583,F
RACS820111,1.1679999999999997,0.32624530647964883,0.106436,1.74,0.6,0.37019747495651245,T
RACS820112,1.1755,0.4095665391606106,0.16774474999999997,2.32,0.0,0.008251369930803776,F
RACS820113,21.428500000000003,6.429336882603057,41.336372749999995,38.14,10.89,0.05063857138156891,T
RACS820114,22.2805,8.868943271326073,78.65815475000001,52.63,13.59,0.00017244111222680658,F
RADA880101,-1.6689999999999998,5.124245212711819,26.257889,4.92,-14.92,0.1446792334318161,T
RADA880102,0.61,0.9975570159143787,0.99512,2.51,-1.32,0.17718751728534698,T
RADA880103,-3.0620000000000003,2.1511522493770636,4.6274560000000005,1.45,-8.21,0.7882766723632812,T
RADA880104,-1.907,4.119702780541334,16.971951,3.16,-13.6,0.029262134805321693,F
RADA880105,-4.7315,5.446172302636045,29.660792750000002,2.39,-18.6,0.05299219861626625,T
RADA880106,164.355,64.66082643301121,4181.022475000001,271.6,0.0,0.5866522192955017,T
RADA880107,-0.703,0.7389932340691626,0.5461110000000001,0.24,-2.71,0.05626711994409561,T
RADA880108,0.1585,0.8559630541092296,0.7326727499999999,1.36,-1.18,0.02979796752333641,F
RICJ880101,0.985,0.4245880356298326,0.18027500000000002,1.9,0.3,0.7397494912147522,T
RICJ880102,0.985,0.4245880356298326,0.18027500000000002,1.9,0.3,0.7397494912147522,T
RICJ880103,0.9400000000000002,0.8662563131083085,0.7504,3.5,0.1,0.0015266260597854853,F
RICJ880104,1.0200000000000002,0.6273754856543249,0.39360000000000006,2.6,0.3,0.0015518178697675467,F
RICJ880105,1.0,0.5558776843874919,0.30900000000000005,2.6,0.3,0.005551657173782587,F
RICJ880106,0.9949999999999999,0.6888214572732183,0.4744750000000001,3.3,0.4,0.0002633615513332188,F
RICJ880107,1.1,0.7956129712366434,0.633,3.1,0.0,0.16801129281520844,T
RICJ880108,1.0399999999999998,0.440908153700972,0.1944,1.9,0.2,0.9597785472869873,T
RICJ880109,1.05,0.3584689665786984,0.1285,1.8,0.3,0.9906949996948242,T
RICJ880110,1.085,0.6857659950741215,0.470275,2.7,0.0,0.2793765068054199,T
RICJ880111,1.115,0.7856685051597779,0.617275,2.9,0.0,0.04711117595434189,F
RICJ880112,0.9800000000000001,0.5912698199637794,0.3496,2.2,0.0,0.8802217841148376,T
RICJ880113,1.02,0.6071243694664217,0.3686000000000001,2.1,0.2,0.13826052844524384,T
RICJ880114,1.075,0.7809449404407459,0.6098750000000002,3.4,0.0,0.05112791806459427,T
RICJ880115,0.8800000000000001,0.7884161337770809,0.6215999999999999,3.9,0.0,2.674495590326842e-05,F
RICJ880116,0.9749999999999999,0.3884263121880391,0.15087499999999998,1.9,0.1,0.7645431756973267,T
RICJ880117,1.045,0.5987278179607157,0.358475,2.7,0.0,0.20981130003929138,T
ROBB760101,-0.10000000000000002,4.239693385140015,17.974999999999998,7.8,-8.6,0.7248573303222656,T
ROBB760102,-0.48500000000000004,4.428687728887644,19.613274999999998,10.3,-5.2,0.0063776918686926365,F
ROBB760103,-1.0400000000000003,6.462538201047635,41.7644,7.2,-22.8,0.00473514199256897,F
ROBB760104,-0.6150000000000002,6.602520352107973,43.59327499999999,7.3,-24.4,0.00038663114537484944,F
ROBB760105,0.0850000000000001,3.573132379299709,12.767275000000001,6.8,-5.0,0.2617080807685852,T
ROBB760106,-0.14000000000000012,4.277195342745056,18.2944,7.7,-8.1,0.6161190271377563,T
ROBB760107,0.465,3.0897046784442037,9.546275,7.4,-3.7,0.2982117235660553,T
ROBB760108,-0.004999999999999849,3.7431904840656984,14.011474999999999,5.7,-6.0,0.039285559207201004,F
ROBB760109,0.21000000000000013,2.853927118901252,8.144900000000002,6.5,-4.3,0.3445796072483063,T
ROBB760110,-0.2750000000000001,4.220411709774296,17.811874999999997,6.2,-7.0,0.07271748781204224,T
ROBB760111,0.11000000000000006,3.289057615792098,10.8179,6.5,-6.0,0.7868556976318359,T
ROBB760112,-0.4699999999999999,3.151840732016769,9.9341,5.8,-4.7,0.20947666466236115,T
ROBB760113,-0.06499999999999999,3.8933629422390097,15.158274999999998,5.6,-6.3,0.023867446929216385,F
ROBB790101,0.75,1.5344380078712856,2.3545,4.0,-1.2,0.1544674187898636,T
ROSG850101,133.34499999999997,40.83337452378875,1667.3644749999999,224.6,62.9,0.7730420231819153,T
ROSG850102,0.7364999999999998,0.11239550702763879,0.012632749999999998,0.91,0.52,0.10685297101736069,T
ROSM880101,2.1275,4.544171954272858,20.649498750000003,12.1,-3.24,0.06105710566043854,T
ROSM880102,-0.2285,2.118084689052824,4.486282749999999,3.89,-3.24,0.24968980252742767,T
ROSM880103,0.6100000000000001,0.31921779399024736,0.10189999999999999,1.3,0.0,0.2930304706096649,T
SIMZ760101,1.2945,1.0833073202005052,1.17355475,3.0,-0.1,0.021218400448560715,F
SNEP660101,0.22079999999999997,0.03515480052567501,0.00123586,0.281,0.16,0.6962021589279175,T
SNEP660102,-0.0011500000000000039,0.223624523476295,0.05000792750000001,0.37,-0.409,0.7487135529518127,T
SNEP660103,0.0039499999999999995,0.22355032431199914,0.0499747475,0.493,-0.285,0.013483385555446148,F
SNEP660104,0.005749999999999998,0.22366735904016033,0.05002708749999999,0.47,-0.371,0.7710222005844116,T
SUEM840101,0.9347999999999999,0.17021974033583764,0.02897475999999999,1.2,0.591,0.5116711854934692,T
SUEM840102,24.485000000000003,26.62589482064406,708.9382750000002,77.0,0.1,0.002490575658157468,F
SWER830101,0.0004999999999999837,0.9743996869868133,0.9494547499999999,1.92,-1.31,0.04271401837468147,F
TANS770101,1.0075,0.28421602699355286,0.08077874999999998,1.63,0.5,0.661533534526825,T
TANS770102,1.0746499999999999,0.6160010775152913,0.3794573275,2.168,0.0,0.4087753891944885,T
TANS770103,1.0283000000000002,0.2481808010302167,0.06159371,1.4280000000000002,0.53,0.4660331606864929,T
TANS770104,0.9687500000000002,0.5752280308712364,0.33088728750000007,3.159,0.377,4.306760092731565e-05,F
TANS770105,0.99535,0.49591161258837246,0.24592832750000002,2.072,0.179,0.3244723081588745,T
TANS770106,1.00465,0.3502041226199372,0.12264292750000001,1.725,0.17800000000000002,0.6449664831161499,T
TANS770107,0.93205,1.1402300853336573,1.3001246474999992,4.2589999999999995,0.0,0.0005030122702009976,F
TANS770108,1.03025,0.864900565094046,0.7480529875,3.3789999999999996,0.0,0.09914242476224899,T
TANS770109,0.91055,0.4074487053605644,0.1660144475,2.355,0.364,0.0010882968781515956,F
TANS770110,0.9875999999999999,0.2619069300343158,0.06859523999999999,1.385,0.45899999999999996,0.45415788888931274,T
VASM830101,0.17155,0.0781456812626264,0.0061067475,0.29600000000000004,0.01,0.7596363425254822,T
VASM830102,0.4091,0.21078493779205384,0.044430290000000004,0.785,0.06,0.7659677863121033,T
VASM830103,0.2863,0.19049910760945835,0.036289909999999995,0.737,0.049,0.018168047070503235,F
VELV850101,0.048994499999999996,0.03921817556631109,0.00153806529475,0.1263,0.0,0.049839138984680176,F
VENT840101,0.3,0.45825756949558394,0.20999999999999996,1.0,0.0,1.8570412976259831e-06,F
VHEG790101,-0.7510000000000001,15.037905738499626,226.138609,39.23,-21.98,0.2393573671579361,T
WARP780101,7.3759999999999994,1.4883460619089903,2.215174,10.04,4.4,0.6225281953811646,T
WEBA780101,0.7874999999999999,0.1817381357888322,0.03302875,0.97,0.2,0.0002713929279707372,F
WERD780101,0.5705,0.19371306099486427,0.03752475,0.87,0.31,0.020116640254855156,F
WERD780102,-0.213,0.36279608597668195,0.13162100000000002,1.03,-0.79,0.003885603277012706,F
WERD780103,0.09849999999999999,0.34202741118220337,0.11698275,1.18,-0.37,0.007628289982676506,F
WERD780104,-0.23650000000000007,0.33247969862835236,0.11054275,0.4,-0.8,0.5453165173530579,T
WOEC730101,7.475,2.399557250827744,5.757875,13.0,4.9,0.02289772406220436,F
WOLR810101,-4.912999999999999,5.823301554960038,33.91084099999999,2.39,-19.92,0.08001931011676788,T
WOLS870101,0.0025000000000000577,2.9248074722962536,8.55449875,3.64,-4.92,0.020067712292075157,F
WOLS870102,0.001499999999999968,2.0783798377582476,4.319662749999999,3.65,-5.36,0.5601615309715271,T
WOLS870103,0.0020000000000000573,1.7276620039811026,2.9848159999999995,4.13,-3.44,0.7123223543167114,T
YUTK870101,9.390000000000002,3.389085422352172,11.485899999999999,16.8,0.0,0.09545740485191345,T
YUTK870102,7.375,2.332996999569438,5.442875,12.2,0.0,0.029751110821962357,F
YUTK870103,17.062,3.9362007062648625,15.493676000000002,18.62,0.0,1.2098744228694613e-08,F
YUTK870104,17.395500000000002,4.024392469677877,16.19573475,19.21,0.0,1.7218713566080623e-08,F
ZASB820101,-0.11705000000000002,0.13950644250356325,0.019462047500000003,0.275,-0.41100000000000003,0.10993378609418869,T
ZIMJ680101,1.2754999999999996,1.016624193101856,1.03352475,3.07,0.0,0.04245496168732643,F
ZIMJ680102,15.367499999999998,4.515402390706725,20.38885875,21.67,3.4,0.20397621393203735,T
ZIMJ680103,13.594000000000003,21.3592018577474,456.21550400000007,52.0,0.0,2.231645567007945e-06,F
ZIMJ680104,6.0264999999999995,1.724393444084035,2.9735327499999995,10.76,2.77,0.0010435126023367047,F
ZIMJ680105,10.05,5.488487952068402,30.1235,18.8,2.8,0.04117675498127937,F
AURR980101,0.9964999999999999,0.18493985508807992,0.03420275,1.41,0.6,0.8954997658729553,T
AURR980102,0.9915,0.18847479937646835,0.03552275,1.31,0.41,0.05669150501489639,T
AURR980103,0.9955,0.2005112216311097,0.04020475,1.43,0.6,0.1296960860490799,T
AURR980104,0.9819999999999999,0.26928794997177274,0.07251599999999998,1.72,0.58,0.32821157574653625,T
AURR980105,0.9510000000000002,0.2716229003600396,0.073779,1.58,0.37,0.6366086006164551,T
AURR980106,1.0150000000000001,0.4116977046329017,0.16949499999999995,2.3,0.26,0.020652391016483307,F
AURR980107,1.0190000000000001,0.3949670872363924,0.155999,2.07,0.52,0.029647232964634895,F
AURR980108,1.018,0.4507504853020128,0.20317600000000002,1.7,0.15,0.2287253439426422,T
AURR980109,1.036,0.4947261868953371,0.244754,2.13,0.03,0.5673725605010986,T
AURR980110,0.9754999999999999,0.4743361150070696,0.22499474999999997,1.8,0.15,0.2665841579437256,T
AURR980111,0.983,0.4050444420060594,0.164061,1.76,0.26,0.8401188850402832,T
AURR980112,1.035,0.44449409444895893,0.197575,1.84,0.2,0.5824503302574158,T
AURR980113,1.0310000000000001,0.5184390031623778,0.268779,2.21,0.07,0.9565572142601013,T
AURR980114,1.0240000000000002,0.5035513876457893,0.25356399999999996,1.76,0.07,0.30817747116088867,T
AURR980115,0.9745000000000001,0.5323671195706963,0.28341475,1.88,0.03,0.29044315218925476,T
AURR980116,1.0065,0.407900416768603,0.16638275000000002,1.55,0.1,0.11853661388158798,T
AURR980117,0.9594999999999999,0.5015623091899949,0.25156475,2.74,0.44,0.00020563809084706008,F
AURR980118,1.017,0.18336030104687326,0.03362099999999999,1.4,0.67,0.6029574275016785,T
AURR980119,0.9864999999999998,0.328485540016604,0.10790274999999996,2.01,0.26,0.030521847307682037,F
AURR980120,0.9743,0.3233872446464146,0.10457931000000001,1.7,0.086,0.3537074029445648,T
ONEK900101,11.98,1.3862178760930766,1.9216000000000004,13.4,6.5,8.173049536708277e-06,F
ONEK900102,-0.15950000000000003,0.7574858084479207,0.57378475,3.0,-0.77,3.946831839130027e-07,F
VINM940101,0.9906499999999999,0.0636523958700692,0.004051627500000003,1.102,0.904,0.09369994699954987,T
VINM940102,1.2988500000000003,0.06701587498496155,0.004491127499999995,1.382,1.186,0.04843251034617424,F
VINM940103,0.9963000000000001,0.03653915707840016,0.0013351100000000002,1.052,0.934,0.23017992079257965,T
VINM940104,0.7976500000000001,0.01756210408806419,0.0003084275000000009,0.8340000000000001,0.774,0.20417839288711548,T
MUNV940101,0.7529999999999999,0.3504618381507465,0.12282350000000002,1.945,0.16699999999999998,0.004227431025356054,F
MUNV940102,0.9551999999999999,0.2553868829834453,0.06522245999999998,1.78,0.619,0.0063254679553210735,F
MUNV940103,0.9220499999999999,0.22850305796640882,0.052213647499999995,1.412,0.546,0.8174330592155457,T
MUNV940104,0.8652999999999998,0.45577078668997645,0.20772701,2.613,0.444,1.588765917404089e-05,F
MUNV940105,1.4125,0.6397880508418393,0.40932874999999996,3.9,0.87,6.517914698633831e-06,F
WIMW960101,4.2005,0.7995278294093333,0.6392447499999999,6.1,2.23,0.3248903155326843,T
KIMC930101,-0.41950000000000004,0.12093283259727278,0.01462475,0.0,-0.56,0.000494501437060535,F
MONM990101,1.0150000000000001,0.540624638728203,0.292275,1.7,0.4,0.0003886195772793144,F
BLAM930101,0.465,0.7137051211810098,0.5093749999999999,0.96,-2.5,3.7071245628794713e-07,F
PARS000101,0.34754999999999997,0.06143164900928511,0.003773847500000001,0.43200000000000005,0.22,0.16462594270706177,T
PARS000102,0.3468,0.06846356695352646,0.00468726,0.514,0.198,0.38761118054389954,T
KUMS000101,5.005000000000001,2.448361697135454,5.994475000000001,9.4,0.6,0.8864451050758362,T
KUMS000102,4.99,2.4227876506206645,5.8698999999999995,9.4,1.0,0.6518270373344421,T
KUMS000103,5.000000000000001,3.1913946794465895,10.184999999999999,14.1,0.1,0.2182237058877945,T
KUMS000104,5.004999999999999,3.040472825071785,9.244475000000001,13.4,0.8,0.04672916233539581,F
TAKK010101,10.405,6.918776987300574,47.869475,24.2,0.0,0.2949742376804352,T
FODM020101,1.0574999999999999,0.391712585960676,0.15343874999999998,1.8,0.12,0.7585628628730774,T
NADH010101,-8.9,91.02961056711162,8286.39,116.0,-184.0,0.170233353972435,T
NADH010102,-8.2,97.73412914637343,9551.960000000001,137.0,-205.0,0.32516494393348694,T
NADH010103,7.45,91.53768349701669,8379.147500000001,169.0,-148.0,0.3482170104980469,T
NADH010104,14.0,89.30789438789832,7975.9,182.0,-124.0,0.2253880649805069,T
NADH010105,23.0,82.42269105046256,6793.5,194.0,-87.0,0.1842544674873352,T
NADH010106,25.2,84.69037725739565,7172.459999999999,224.0,-103.0,0.27626973390579224,T
NADH010107,50.9,118.82251470154972,14118.789999999999,329.0,-132.0,0.48712271451950073,T
MONM990201,0.9649999999999996,0.4574658457196558,0.20927499999999996,1.6,0.3,0.037188056856393814,F
KOEP990101,0.06749999999999999,0.3603591958032984,0.12985874999999997,1.24,-0.38,0.007197150029242039,F
KOEP990102,0.20750000000000002,0.8064606314011863,0.65037875,1.67,-0.77,0.046654656529426575,F
CEDJ970101,5.000000000000001,2.046704668485417,4.189000000000001,8.8,1.4,0.7778775095939636,T
CEDJ970102,5.005,2.04926206230438,4.1994750000000005,9.4,1.4,0.835941731929779,T
CEDJ970103,4.99,2.337498663101222,5.463900000000001,11.0,1.8,0.28788986802101135,T
CEDJ970104,4.999999999999999,2.0586403279834973,4.238000000000001,8.6,1.2,0.6720965504646301,T
CEDJ970105,4.99,2.4718211909440373,6.1099,8.8,0.7,0.36859044432640076,T
FUKS010101,4.999499999999999,3.943326609602608,15.549824749999999,16.56,0.29,0.004885134287178516,F
FUKS010102,5.000500000000001,3.1602080232161933,9.98691475,12.93,0.31,0.47175633907318115,T
FUKS010103,5.0,3.3179436402687736,11.008750000000001,9.67,0.42,0.02722744457423687,F
FUKS010104,4.999999999999999,3.0998951595174957,9.60935,12.68,0.56,0.2285001128911972,T
FUKS010105,4.999,3.5536430602974187,12.628379000000004,13.21,1.11,0.003915962763130665,F
FUKS010106,4.999,3.361277881996667,11.298189,12.79,1.28,0.003073298605158925,F
FUKS010107,4.9995,2.777352111274334,7.7136847500000005,9.95,1.3,0.039229437708854675,F
FUKS010108,4.999999999999999,3.606162780574388,13.004410000000002,16.46,1.89,0.0004702912992797792,F
FUKS010109,4.9995,2.741929019869041,7.518174749999998,9.8,0.74,0.443295955657959,T
FUKS010110,4.999499999999999,2.376064971754771,5.64568475,9.07,0.95,0.6697117686271667,T
FUKS010111,5.0009999999999994,2.3193854789577344,5.379549,9.11,0.9,0.6972249150276184,T
FUKS010112,4.9985,2.148674649638702,4.61680275,10.15,1.24,0.6768540143966675,T
AVBF000101,0.2811,0.12534308915931502,0.015710889999999998,0.515,0.0,0.9728260040283203,T
AVBF000102,0.23834999999999998,0.13040907752146705,0.0170065275,0.436,-0.17,0.007646371144801378,F
AVBF000103,-0.35755000000000003,0.12357607980511438,0.0152710475,0.0,-0.647,0.11084529012441635,T
AVBF000104,-0.6738500000000001,0.1688192154347366,0.02849992750000001,0.0,-0.871,6.121616934251506e-06,F
AVBF000105,-0.24335,0.11416710340549067,0.013034127500000001,0.0,-0.57,0.14433176815509796,T
AVBF000106,-0.2283,0.12307968963236786,0.015148610000000002,0.0,-0.56,0.70099937915802,T
AVBF000107,-0.4691000000000001,0.16775485089856568,0.028141690000000004,0.0,-0.86,0.11399378627538681,T
AVBF000108,-0.46975000000000006,0.17221639730292818,0.029658487500000007,0.0,-0.679,0.007645105943083763,F
AVBF000109,-0.30460000000000004,0.11129663067676399,0.012386940000000003,0.0,-0.441,0.021021155640482903,F
YANJ020101,0.713,0.2623947408009543,0.068851,0.94,0.0,9.113564738072455e-05,F
MITS020101,1.1039999999999999,1.92355764145502,3.7000739999999994,6.93,0.0,8.499217074131593e-06,F
TSAJ990101,143.415,39.7750333123682,1582.0532750000002,226.4,63.8,0.9862945675849915,T
TSAJ990102,145.195,40.04615430974614,1603.6944749999998,228.2,64.9,0.9881547093391418,T
COSI940101,0.049,0.03921534138573831,0.0015378430000000001,0.1263,0.0,0.04975339025259018,F
PONP930101,0.5774999999999999,1.3009952920744947,1.6925887499999999,3.14,-1.19,0.19957563281059265,T
WILM950101,0.7405000000000002,1.702849009748075,2.89969475,4.8,-2.24,0.23416894674301147,T
WILM950102,1.0280000000000002,3.264819443705884,10.659046,9.14,-3.12,0.10043462365865707,T
WILM950103,1.464,3.0012537380234945,9.007523999999998,9.3,-3.28,0.23072589933872223,T
WILM950104,1.108,2.4458037533702495,5.981956,7.26,-3.0,0.7057045698165894,T
KUHL950101,0.899,0.33140458657055427,0.109829,1.58,0.47,0.17263951897621155,T
GUOD860101,31.05,42.6995023390203,1823.2475,109.0,-26.0,0.04391705244779587,F
JURD980101,-0.5545000000000002,2.948612343120065,8.69431475,4.5,-5.1,0.16865408420562744,T
BASU050101,0.133775,0.17918213045669482,0.032106235875,0.4251,-0.1233,0.024552078917622566,F
BASU050102,0.13438500000000003,0.17872375688475217,0.031942181274999995,0.4201,-0.0589,0.002683839527890086,F
BASU050103,0.15932999999999997,0.1569021704757458,0.024618291100000002,0.4238,-0.0639,0.06185534596443176,T
SUYM030101,0.06870000000000001,0.24065973905080176,0.057917109999999994,0.564,-0.478,0.8652253150939941,T
PUNT030101,-0.0015000000000000055,0.2239927454182389,0.05017274999999999,0.37,-0.41,0.6479415893554688,T
PUNT030102,-0.001000000000000005,0.2249422148019353,0.050599000000000005,0.41,-0.36,0.46716970205307007,T
GEOR030101,0.9953499999999998,0.11184778719313138,0.012509927500000004,1.2990000000000002,0.778,0.586682140827179,T
GEOR030102,0.99725,0.11729189017148628,0.0137573875,1.3619999999999999,0.845,0.010435713455080986,F
GEOR030103,1.00138,0.12690809115261328,0.016105663600000004,1.266,0.6856,0.680791437625885,T
GEOR030104,0.9840500000000002,0.16553171146339302,0.0274007475,1.3319999999999999,0.5,0.04377255216240883,F
GEOR030105,1.0074999999999998,0.2187314563568761,0.047843449999999996,1.369,0.478,0.7462515830993652,T
GEOR030106,0.9958500000000001,0.13721999672059465,0.018829327500000003,1.314,0.644,0.5377663969993591,T
GEOR030107,0.9990500000000001,0.13632478681443083,0.01858444750000001,1.3090000000000002,0.782,0.7673382759094238,T
GEOR030108,0.9905500000000002,0.16632091720526318,0.02766264750000001,1.276,0.662,0.8899294137954712,T
GEOR030109,1.0046,0.20652564005469148,0.04265283999999999,1.8159999999999998,0.843,4.977072421752382e-06,F
ZHOH040101,3.106,1.487885748301932,2.2138040000000005,6.46,1.17,0.02489805966615677,F
ZHOH040102,3.1035,1.2205460867988556,1.4897327499999997,5.64,0.7,0.39417263865470886,T
ZHOH040103,13.655000000000001,6.2942414157704505,39.617475000000006,24.5,6.1,0.008890146389603615,F
BAEK050101,0.049625,0.23873249647879946,0.056993204875,0.5724,-0.4188,0.6545019149780273,T
HARY940101,145.99499999999998,40.27030512673079,1621.697475,231.7,63.8,0.9949093461036682,T
PONJ960101,150.36,40.150708586524345,1612.0794,237.2,67.5,0.9577981233596802,T
DIGM050101,1.00015,0.22842772927120733,0.052179227499999994,1.361,0.531,0.7024059295654297,T
WOLR790101,0.0005000000000000337,0.9755074320577983,0.9516147500000001,1.2,-2.55,0.046598002314567566,F
OLSK800101,0.9974999999999998,0.6340494854504655,0.40201875,2.32,0.0,0.5899653434753418,T
KIDA850101,5.551115123125783e-18,1.0003099519648897,1.00062,1.87,-1.57,0.4889768362045288,T
GUYH850102,-0.07649999999999998,0.48036730738050853,0.23075274999999995,0.57,-0.98,0.06686558574438095,T
GUYH850103,-0.395,0.829189363173455,0.6875549999999999,0.65,-2.15,0.13536381721496582,T
GUYH850104,0.11499999999999999,0.6703618425895077,0.4493849999999999,1.79,-0.87,0.2663138210773468,T
GUYH850105,0.18749999999999997,0.6628112476414383,0.43931875,2.0,-0.8,0.26202720403671265,T
ROSM880104,0.2895,1.1937356281857385,1.42500475,2.27,-1.91,0.5681849122047424,T
ROSM880105,-0.356,1.914574104076413,3.6655939999999996,2.27,-3.95,0.23234204947948456,T
JACR890101,-0.742,1.4350003484320133,2.059226,0.5,-5.4,0.0004800469905603677,F
COWR900101,0.11600000000000002,1.246705257869718,1.554274,1.81,-2.28,0.3228084444999695,T
BLAS910101,0.5265,0.32889276367837583,0.10817044999999999,1.0,0.0,0.12176066637039185,T
CASG920101,-0.004999999999999993,1.0096905466527852,1.0194750000000001,1.9,-1.6,0.5756054520606995,T
CORJ870101,50.0,4.595363968174882,21.117369999999998,58.74,42.92,0.6571804285049438,T
CORJ870102,-9.999999999997789e-05,0.9778852642309321,0.9562595899999999,1.9380000000000002,-1.31,0.03995731845498085,F
CORJ870103,0.03799999999999981,4.122242836126955,16.992886000000002,6.81,-5.68,0.07197738438844681,T
CORJ870104,0.018500000000000006,0.836512253347194,0.6997527500000001,1.52,-1.3,0.07599863409996033,T
CORJ870105,-0.2705,3.680867390982729,13.548784750000001,5.2,-6.13,0.19771574437618256,T
CORJ870106,-0.27349999999999997,7.89638668949286,62.352922750000005,11.35,-11.92,0.08137045800685883,T
CORJ870107,-0.12350000000000001,2.719632833674428,7.39640275,4.09,-4.31,0.14093895256519318,T
CORJ870108,0.12949999999999987,5.669118516136349,32.138904749999995,8.93,-8.68,0.06490614265203476,T
MIYS990101,-0.3245,1.0568607997271922,1.11695475,1.01,-2.29,0.014313394203782082,F
MIYS990102,-0.052500000000000005,0.1723332527401488,0.029698750000000006,0.17,-0.37,0.015140609815716743,F
MIYS990103,-0.05349999999999999,0.2250172215631506,0.050632750000000004,0.32,-0.38,0.04374542832374573,F
MIYS990104,-0.062,0.23806721739878425,0.056676000000000004,0.33,-0.38,0.015535508282482624,F
MIYS990105,-0.0495,0.20264439296462167,0.041064750000000004,0.3,-0.33,0.04005371779203415,F
ENGD860101,1.3699999999999999,4.769077478926087,22.7441,12.3,-3.7,0.007147711236029863,F
FASG890101,-0.8855000000000001,2.8353315061911193,8.03910475,3.88,-6.04,0.1544799655675888,T
KARS160101,5.35,2.3510635891017495,5.527500000000001,11.0,1.0,0.7455923557281494,T
KARS160102,4.6,2.727636339397171,7.44,12.0,0.0,0.1679821014404297,T
KARS160103,9.1,5.346961754117941,28.590000000000003,24.0,0.0,0.14367522299289703,T
KARS160104,4.1,1.8138357147217052,3.289999999999999,8.0,1.0,0.26152169704437256,T
KARS160105,4.999499999999999,2.685672122579374,7.212834750000001,11.1,0.0,0.9937863945960999,T
KARS160106,3.55,2.2242976419535223,4.9475,9.0,0.0,0.24711889028549194,T
KARS160107,6.7,3.7563279941985894,14.11,14.0,0.0,0.7853449583053589,T
KARS160108,1.55495,0.44196600265178765,0.19533394749999997,2.182,0.0,0.0005064838915131986,F
KARS160109,10.012599999999999,3.740635419283735,13.992353340000003,14.850999999999999,0.0,0.002817019820213318,F
KARS160110,-3.4929,1.8610179176998807,3.46338769,1.0,-6.324,0.01497716922312975,F
KARS160111,2.96175,1.0962595894677503,1.2017850875000002,4.333,0.0,0.03927327319979668,F
KARS160112,0.25375,1.9047920326114345,3.6282326875,4.0,-2.59,0.5186312794685364,T
KARS160113,11.95,5.526979283478453,30.547499999999996,24.0,1.0,0.16953453421592712,T
KARS160114,18.27205,7.356695932788034,54.120975047499996,31.444000000000003,3.5,0.8347107768058777,T
KARS160115,13.1,5.127377497317708,26.29,20.0,1.0,0.1327645480632782,T
KARS160116,22.5,9.625487000666512,92.65,38.0,6.0,0.4437817633152008,T
KARS160117,34.5507,13.965637629911495,195.03903440999997,68.0,7.0,0.9648876786231995,T
KARS160118,6.19435,1.1681063853519507,1.3644725274999998,9.33,3.5,0.13984742760658264,T
KARS160119,24.413850000000004,5.709978899041572,32.60385902750001,31.344,7.0,0.0009114632266573608,F
KARS160120,-0.42650000000000005,1.022919424979309,1.04636415,0.21100000000000002,-4.227,5.171449402041617e-07,F
KARS160121,10.10365,2.2232449544528374,4.9428181275,13.6,3.5,0.030110539868474007,F
KARS160122,3.3813999999999993,2.691989810530493,7.246809139999999,12.0,0.0,0.0039181639440357685,F
